Word1,Definition1,Word2,Definition2
succumb to,屈服于,yield to,屈服于
singular,"独特的; 单数的; 奇异的",unique,"独特的; 独一无二的"
exaggeration,"夸张; 夸大",hyperbole,夸张
prescient,"有先见之明的; 有预知能力的",prophetic,预言的
realism,"现实主义; 现实主义精神",verisimilitude,逼真
irascibility,"肝火; 易怒; 暴躁",exasperation,"恼怒; 激怒"
extremist,"极端主义者; 极端分子",zealot,狂热者
intricate,"复杂的; 错综复杂的",convoluted,"错综复杂的; 曲折的"
fairness,"公平; 公正; 公道",objectivity,"客观性; 客观"
unwarranted,"毫无根据的; 没有理由的",groundless,无根据的
affable,"和蔼可亲的; 友好的",easygoing,随和的
realize,"实现; 了解",achieve,实现
diffuse,"扩散; 弥漫; 蔓延",spread,传播
baseless,毫无根据的,untenable,"站不住脚的; 无法维持的; 不能支持的"
proclaim,宣布,profess,"声称; 表白"
pugnacious,"好斗的; 好战的",truculent,好斗的
stave off,"阻止; 避免",forestall,"垄断; 预防; 阻止"
momentary,"短暂的; 瞬间的",evanescent,"短暂的; 消逝的"
belie,"掩饰; 掩盖; 证明为假",mask,"掩盖; 掩饰"
yield,"产量; 产生; 屈服于; 产出",engender,"产生; 引起"
limpid,清澈的,pellucid,"清晰的; 清澈的"
interdependent,"相互依赖的; 相互依存的",interrelated,"相互关联的; 相关的"
prevalent,"流行; 普遍存在的; 普遍的",widespread,"广泛的; 普遍的"
undermine,"破坏; 削弱",impair,"妨害; 损害; 削弱"
original,"原来的; 原始的; 原创的; 独创",novel,"新颖的; 新的; 小说; 新奇的"
rejection of,对……的否定,liberation from,从……的解放
confused,困惑的,muddled,混乱的
expansion,"扩张; 扩展",augmentation,"增加; 扩大"
exalt,"赞美; 赞扬; 赞颂",valorize,"赞扬; 赞美"
lull,"平息; 使平静",respite,"暂时的休息; 暂缓; 暂停"
gratify,"使满意; 满足",please,"使满意; 取悦"
cumbersome,笨重的,unwieldy,"笨重的; 复杂的; 难处理的"
fractious,脾气暴躁的,restive,"不安的; 难以驾驭的; 烦躁的; 焦躁的"
snag,"障碍物; 困难",hitch,故障
adaptability,"适应性; 可变性",flexibility,"灵活性; 柔韧性"
galvanize,"激励; 刺激",animate,"使有生气; 驱动"
utilitarian,"实用主义; 实用的; 功利的",functional,"功能性的; 功能的"
quiescence,"静止; 平静",calm,平静的
elicit,"引出; 诱出",draw,"引出; 画; 拖曳"
primitive,"原始的; 简陋的",rudimentary,"基础的; 初级的; 基本的"
accession to,"加入; 同意",acquiescence to,默许于
somnolent,昏昏欲睡的,lethargic,"懒洋洋的; 懒散的; 昏睡的; 倦怠的"
inferable from,可由……推断出,entailed by,由……必然导致
decay,"衰退; 腐败; 衰败",deterioration,"衰退; 恶化"
shackle,束缚,stifle,"抑制; 扼杀"
repudiate,"拒绝; 否认",recant,"撤回; 宣布放弃; 认罪; 撤回声明"
encomium,"赞辞; 赞美",tribute,"贡物; 颂词"
unostentatious,"低调的; 不艳俗的",modest,"谦逊的; 简朴的; 谦虚的; 适度的"
dangerous,危险的,perilous,危险的
speculation,"猜测; 推测",conjecture,"推测; 猜测"
disparity,"差异; 不同",variance,"方差; 差异"
abuse,滥用,misuse,"滥用; 误用"
respite,"暂时的休息; 暂缓; 暂停",relief,"缓和; 宽慰; 解脱"
portend,"预示; 预兆",predict,预测
pristine,"原始的; 未触动过的; 新的",unblemished,"无瑕疵的; 完好的"
lugubrious,"悲伤的; 悲惨的",gloomy,"阴沉; 忧郁的; 阴沉的; 阴暗的"
heterogeneity,"多样性; 异质性",diversity,"多样性; 差异化"
champion,"冠军; 支持",defend,"保卫; 辩护; 支持; 保护"
sidestep,"回避; 规避",circumvent,"规避; 绕过"
mockery,"嘲弄; 嘲笑; 嘲讽",derision,嘲笑
burgeoning,迅速发展的,expansion,"扩张; 扩展"
presage,"预示; 预兆; 预测",portend,"预示; 预兆"
heterogeneous,"异质; 异质的",dissimilar,"不相似的; 不同的"
extirpate,"根除; 消灭",eliminate,"消除; 淘汰"
deflate,"缩小; 使泄气",soothe,"安抚; 平息"
harmless,无害的,innocuous,无害的
familiar,"熟悉的; 常见的",recognizable,"可识别的; 可辨认的; 容易认出的; 易于被认出的"
loquacious,"贫嘴; 话多的; 多嘴的",garrulous,"健谈的; 喋喋不休的; 唠叨的"
restorative,"恢复的; 促进康复的; 恢复性的",tonic,"滋补的; 补品"
prevent,"防止; 阻止; 预防; 制止",preclude,"排除; 阻止; 妨碍"
shriek,尖叫,caterwaul,尖叫
anticipate,预期,prefigure,"预示; 预兆"
generic,"通用的; 一般的; 普通的",inclusive,"包括的; 包容的"
defy,违抗,disregard,"忽视; 漠视"
anonymous,"无名的; 匿名的",obscure,"模糊的; 晦涩的"
recycle,"回收利用; 再利用; 再循环",rehash,"重复; 重新处理; 重提; 老调重弹"
malfeasance,"不法行为; 渎职",fraudulence,"欺诈; 不诚实; 欺诈行为"
abstraction,"抽象; 抽象概念; 提炼",generality,"概论; 普遍性; 笼统; 概括; 一般化"
decisive,"决定性; 决定性的; 果断的",unmistakable,明显的
capture,"捕获; 抓住; 俘获",secure,"获得; 安全的; 保证"
malodorous,"臭气熏天的; 恶臭的",noisome,"恶臭的; 令人发恶心的; 有害的"
prominence,"突出; 显著; 名声",salience,"显著; 突出; 显著性"
pecuniary,"财务的; 有关金钱的",economic,"经济的; 经济学的"
wane,"衰落; 消失",decline,下降
slight,"轻微的; 微小的",disparage,"贬低; 轻视"
gainsay,"否认; 反驳",dispute,"争论; 争议"
conform to,符合,square with,"与...一致; 与...调和"
sluggish,"迟缓; 迟缓的",dilatory,拖延的
simplicity,"简单; 单纯; 简单性",artlessness,"单纯; 天真; 自然"
confined,"受限制的; 限制; 被限制的",circumscribed,"受限的; 局限的; 被限制的"
constrain,"约束; 限制",deter,"阻止; 威慑"
detracting,贬低,deprecatory,"贬低的; 反对的"
purposefulness,"有目的性; 有意义; 富有目的性",design,"有目的性的; 设计"
hamper,阻碍,impede,"阻碍; 妨碍"
impede,"阻碍; 妨碍",hamper,阻碍
haphazardly,"随意地; 凌乱地; 随便地",randomly,"随机地; 任意地"
capricious,"任性; 反复无常的",unpredictable,难以预测的
foundation,"创建; 基础; 根基",inception,"开始; 起初"
diminutive,"微小的; 小的",minuscule,微小的
scarcely,"几乎不; 殆不; 刚刚",hardly,几乎不
obtain,获得,glean,"收集; 搜集; 找寻"
coherent,"有条理的; 连贯的",orderly,有秩序的
vitiate,"使之变质; 削弱; 损害",impair,"妨害; 损害; 削弱"
porous,"多孔的; 有孔的",permeable,可渗透的
homogeneity,"同质性; 同质化",resemblance,"相似; 相像"
unfamiliarity,不熟悉,ignorance,无知
unalloyed,"非合金的; 纯粹的; 不掺杂的",unqualified,"无保留的; 绝对的; 无条件的; 未受资格限制的; 不合格的"
denounce,"声讨; 谴责; 公开谴责; 抨击",lambaste,"严厉斥责; 痛斥"
tortuous,"曲折的; 蜿蜒的; 弯曲的",convoluted,"错综复杂的; 曲折的"
burdensome,"繁重的; 沉重的",onerous,"繁重的; 费力的; 艰巨的"
inconstant,"不稳定的; 多变的; 不坚定的",capricious,"任性; 反复无常的"
plethora,"过多; 过剩",surfeit,"过量; 过多; 过剩"
triumph,"胜利; 成功",success,成功
unorthodox,"非正统的; 非传统的",unconventional,"不传统的; 非传统的"
altruistic,"利他的; 无私的; 利他主义的",benevolent,"仁慈的; 慈善的"
favorable,"有利的; 赞同的",auspicious,"吉利的; 吉祥的"
cursory,"粗略的; 草率的",casual,随意的
rudimentary,"基础的; 初级的; 基本的",embryonic,初期的
maturity,"成熟; 成熟度",precociousness,"早熟; 早成"
kinfolk,亲属,relative,"相对的; 相关的; 亲属"
unlinked,未连接的,estranged,疏远的
paucity,"匮乏; 缺乏; 稀缺; 不足",dearth,"匮乏; 缺乏的; 吃紧"
perplexing,"令人费解的; 令人困惑的",enigmatic,"神秘的; 谜一样的; 难以捉摸的; 难以理解的"
protean,"千变万化的; 万能的",versatile,"多才多艺的; 多面手的; 多功能的; 多用途的"
glut,过剩,surfeit,"过量; 过多; 过剩"
relic,"遗迹; 文物",vestige,"痕迹; 遗迹; 残余"
humility,"谦虚; 谦逊; 虚心",modesty,"谦虚; 谦逊; 适度"
waning,"衰弱; 衰退; 逐渐减弱",ebbing,衰退
quiescent,"静止的; 平静的",abeyant,"中止的; 暂时搁置的"
venerate,崇敬,honor,荣誉
exhaustive,"详尽的; 彻底的; 全面的",comprehensive,"综合的; 全面的"
laconic,"简洁的; 话少的",taciturn,沉默寡言的
hail,"向...欢呼; 称赞",acclaim,"欢呼; 赞扬"
tactless,"不得体的; 不妥当的; 不机智的",impolitic,不明智的
eliminate,"消除; 淘汰",put to rest,"解决; 结束"
demand,需求,exact,"确切的; 精确的"
controversial,"有争议的; 引起争议的; 引起争论的",provocative,煽动性的
eclipse,"蚀; 遮蔽; 使相形见绌; 掩盖; 使...黯然失色; 日食",outdo,"超过; 胜过"
unconstrained,"不受限制的; 自由自在",free,"自由的; 免费"
approbation,"赞誉; 赞扬; 批准; 赞同; 称赞",adulation,"吹捧; 称赞; 崇拜; 奉承"
opprobrium,"众人的责骂; 公开谴责",disdain,"蔑视; 鄙视; 轻蔑"
panacea,"万灵药; 灵丹妙药",remedy,"治疗; 补救"
contingent,"依情况而定的; 取决于",circumstantial,"间接的; 按情况推测的; 视情况而定的; 具体的"
spurious,"虚假的; 虚构的; 伪造的",specious,"似是而非的; 貌似有理的; 伪造的; 华而不实的"
short-lived,"短命的; 短暂的",ephemeral,"短暂的; 瞬息的"
naïve,"天真的; 天真无邪的",unsophisticated,"不复杂的; 朴素的; 不老练的"
solidarity,团结,camaraderie,"同志情谊; 友情"
obtrusive,"显眼的; 突兀的",conspicuous,"显眼的; 显著的; 引人注目的; 明显的"
secure,"获得; 安全的; 保证",earn,"获得; 赚得; 取得"
origin,"原点; 起源; 来源",provenance,"来源; 出处; 起源"
mitigate,"缓解; 减轻; 缓和",abate,减弱
artificial,"人造的; 人工的; 虚假的",spurious,"虚假的; 虚构的; 伪造的"
dissemblance,"伪装; 虚伪; 假装",duplicity,"表里不一; 欺骗; 欺诈; 双重性"
self-interest,"自利; 私利; 个人利益",opportunism,"机会主义; 投机主义"
resonate,"产生共鸣; 引起共鸣; 有特殊意义",ring true,真实可信
tenacity,"韧性; 坚韧; 固执; 坚毅",resolve,"决心; 解决; 决定"
capricious,"任性; 反复无常的",impulsive,冲动的
adept at,擅长于,proficient in,精通于
spirited,"充满活力的; 有精神的",vigorous,"有力的; 有活力的; 精力充沛的"
alarm,"使惊慌; 警报; 惊恐",unsettle,"扰乱; 使不安; 使不稳定"
temperate,温和的,dispassionate,"冷静的; 客观的"
amazing,令人惊奇的,wondrous,奇妙的
trivial,"琐碎的; 不重要的",inessential,"不重要的; 不必要的; 无关紧要的"
denunciation,"谴责; 谴责的言辞",indictment,"起诉; 控告"
neutrality,"中立; 中立性",impartiality,"公正; 不偏不倚; 无偏见; 公平"
obscure,"模糊的; 晦涩的",unknown,"未知; 未知的"
perennial,"常年的; 长久的; 持续的",long-standing,"长期存在的; 长时间存在的; 久经验的"
verbose,"冗长的; 啰嗦的",long-winded,"冗长的; 啰嗦的"
temper,"调节; 使缓和; 脾气; 缓和",moderate,"温和的; 适度的"
canned,"套路化的; 罐装",formulaic,公式化的
obsolete,过时的,outmoded,"陈旧; 过时的"
inexplicable,"莫名其妙的; 无法解释的; 费解的",incomprehensible,难以理解的
experimental,"实验性的; 试验的",innovative,创新的
veneration,"崇敬; 钦佩",reverence,尊敬
perceptive,"有洞察力的; 敏锐的",discerning,有辨识能力的；眼光敏锐的
unabated,"不减少的; 不减弱的",undiminished,"未减少的; 未减弱的"
regular,规律的,consistent,"始终如一的、连贯的"
imitate,"模仿; 仿效",emulate,"模仿; 仿效"
shrewd,"精明的; 机敏的",canny,"精明的; 谨慎"
discrepancies,"不一致; 差异",incongruities,不一致
precise,"精确的; 准确的",circumspect,"慎重的; 谨慎的; 小心的"
disinformation,"假消息; 虚假信息",mendacity,"谎言; 虚假; 虚伪"
disparage,"贬低; 轻视",mock,"嘲笑; 嘲弄"
simplicity,"简单; 单纯; 简单性",intelligibility,"可懂度; 容易理解; 可理解性"
assured,有把握的,settled,稳定的; 不大可能变动的
prevalent,"流行; 普遍存在的; 普遍的",extensive,"广泛的; 大量的"
transitory,"暂时的; 短暂的",temporary,"暂时的; 临时的"
hallowed,"受崇敬的; 神圣的",respected,受尊敬的
preternatural,"不寻常的; 超自然的; 异常的",prodigious,"惊人的; 巨大的; 异常的"
scarce,稀缺的,inadequate,"不足的; 不充分的"
futile,"无用的; 徒劳的",fruitless,"无果的; 无用的"
excellent,"极好的; 优秀的; 卓越的",agreeable,"适合的; 宜人的; 和蔼可亲的"
comprehend,理解,fathom,"理解; 领会; 了解"
irony,讽刺,paradox,"悖论; 矛盾; 自相矛盾的人或事"
invigorating,"振奋人心的; 激励的",refreshing,令人耳目一新
divested of,脱离,stripped of,剥夺
render,"呈现; 使成为; 提供",reproduce,"再现; 复制"
mediate,"调节; 影响; 调解",influence,"影响; 影响力; 左右"
catalyst for,……的催化剂,factor in,把……作为因素
sanction,"制裁; 批准",countenance,"支持; 赞成"
dubious,"可疑的; 令人怀疑的",suspect,"怀疑; 可疑的; 嫌疑人"
scary,可怕的,intimidating,"令人害怕的; 令人生畏的"
proclivity for,对……的倾向,affinity for,亲和力
identify,"辨认; 鉴定; 识别; 确认; 确定",diagnose,诊断
dismiss,"忽视; 解雇; 不予考虑",ignore,"忽略; 忽视; 无视"
showy,"华而不实的; 浮华的",meretricious,"华而不实的; 花俏的"
inaccessible to,对……无法接近/理解,insurmountable for,对……来说无法克服
bound,"约束; 跃过",limit,限制
placidity,"平静; 平稳; 平和",complacency,"自满; 自得"
calamity,灾难,disaster,灾难
comparable,"可比; 类似的; 可比较的",analogous,"类似的; 相似的"
elude,"躲避; 使...不解; 逃避",puzzle,"困惑; 谜; 难题"
compelling,"引人注目的; 令人信服的",interesting,有趣的
beget,"产生; 导致",create,"创造; 创建"
palatable,"可口的; 可接受的; 合意的",appetizing,"可口的; 开胃的; 诱人的"
sober,"冷静的; 持重的; 清醒的; 庄重的",staid,"古板的; 一本正经的; 稳重的"
benign,"良性的; 温和的",innocuous,无害的
disapprobation,"谴责; 不赞成",censure,谴责
attenuate,"减弱; 减弱的",dissipate,"消散; 散失"
confound,"混淆; 挫败; 证明...有错; 使困惑",resist,"抵抗; 反抗; 阻挡; 回击"
intemperate,无节制的,excessive,"过多的; 过度的; 过量的; 过分的"
intuitive,直觉的,straightforward,"直接的; 坦率的"
counterfeit,"伪造的; 仿冒品; 伪造品",spurious,"虚假的; 虚构的; 伪造的"
versatile,"多才多艺的; 多面手的; 多功能的; 多用途的",protean,"千变万化的; 万能的"
indigence,"贫困; 贫穷",penury,"贫困; 贫穷; 吝啬"
unrelated,无关的,separate,"不相关的; 分开"
asymmetrically,不对称地,unevenly,不均匀地
sullen,板着脸的,surly,阴郁的
predominantly,主要的；占主导地位的,particularly,"特别地; 尤其"
perplexing,"令人费解的; 令人困惑的",baffling,令人困惑的
hidebound,"守旧的; 死板的",illiberal,"不自由的; 不开明的; 狭隘的"
competing,"竞相的; 竞争的",contending,"竞争的; 争论的"
prudent,"谨慎的; 顾虑周到的; 精明的; 审慎的",provident,"有远见的; 深谋远虑的; 节俭的"
somnolence,"昏昏欲睡; 瞌睡",lethargy,"昏睡; 懒散; 倦怠; 无精打采"
insulated from,隔离于,buffered against,对...有缓冲作用
inconspicuous,"不引人注目的; 不显眼的; 不引人注意的",discreet,"不显眼的; 谨慎的; 小心的"
altruism,"利他主义; 爱他人",benevolence,"善行; 仁慈; 善举; 善意"
convey,"传达; 传递",impart,"传达; 传授"
utilitarian,"实用主义; 实用的; 功利的",pragmatic,"实用的; 务实的; 实用主义的"
imprecise,"不精确的; 不准确的",inexact,不精确的
peripatetic,"逍遥的; 巡游的; 四处游历的; 流动的",itinerant,"流动的; 巡回的"
pliable,"柔韧的; 易弯曲的; 柔软的; 顺从的",malleable,"可塑性的; 可塑的"
anomalous,"异常的; 不规则的",uncommon,"不常见的; 罕见的; 不寻常的"
defray,"支付; 支付费用",pay,"支付; 付款"
fitting,合适的,apposite,贴切的
inept at,笨拙的,unequal to,不如
stratified,分层的,differentiated,"分开的; 已区分的"
slanted,"有偏见的; 倾斜的",tendentious,"有倾向性的; 倾向性的; 有偏见的"
impatient,"急于; 不耐烦的",keen,"敏锐的; 热衷的"
malleable,"可塑性的; 可塑的",plastic,"可塑的; 塑料的"
slight,"轻微的; 微小的",discount,"折扣; 打折"
overstate,"夸大; 言过其实",exaggerate,"夸大; 夸张"
imitate,"模仿; 仿效",mimic,"模仿; 模拟; 和...相似"
dearth,"匮乏; 缺乏的; 吃紧",paucity,"匮乏; 缺乏; 稀缺; 不足"
engaging,有吸引力的,winning,"获胜的; 成功的"
unremunerative,"没有回报的; 无报酬的; 不赚钱的",unprofitable,"没有回报的; 不赚钱的"
staid,"古板的; 一本正经的; 稳重的",unadventurous,"不愿意冒险的; 不愿意尝试新事物的; 保守的"
sully,玷污,taint,玷污
flexibility,"灵活性; 柔韧性",suppleness,"柔软性; 柔软"
elision,省略,omission,省略
slight,"轻微的; 微小的",minimize,"最小化; 减少"
parallel,"平行线; 平行的; 相似的",resemble,相似
misleading,误导性的,illusory,"虚假的; 貌似真实的; 虚幻的; 幻觉的"
elusive,"难以达到的; 难以捉摸的",unattainable,"高不可攀; 无法达到的"
atypical,"非代表性的; 非典型性的",exceptional,"异常的; 非凡的"
proscribing,禁止,enjoining,"命令; 吩咐; 禁止（根据上下文）"
contemptuous,"轻视的; 蔑视的; 轻蔑的",supercilious,"高傲的; 自觉高人一等的; 傲慢的"
uniform,"统一的; 一致的; 相同的; 均匀的",homogeneous,"一质的; 同质的; 均匀的; 同类的"
scant,"不足的; 缺乏的",little,"少的; 很少的; 少量的; 表示几乎没有; 小; 微不足道的"
tendentious,"有倾向性的; 倾向性的; 有偏见的",partisan,"党派; 偏袒的; 党派的"
propagate,传播,spread,传播
ubiquitous,"无处不在的; 普遍存在的",prevalent,"流行; 普遍存在的; 普遍的"
robust,"强壮的; 强健的; 强劲的",healthy,"健康良好的; 健康的; 健壮的"
buoy,"支撑; 使浮起",sustain,"维持; 支撑"
eschew,"避开; 避免",avoid,避免
entrenched,"根深蒂固的; 牢固的",obdurate,"顽固的; 固执的"
acrimony,"尖刻; 刻薄",rancor,"积怨; 怨恨; 憎恨"
trivial,"琐碎的; 不重要的",superficial,"粗略的; 肤浅的; 表面的"
enigmatic,"神秘的; 谜一样的; 难以捉摸的; 难以理解的",inscrutable,"深不可测的; 难以理解的"
defy,违抗,flout,"无视; 公然藐视; 嘲笑"
restraint,克制,self-control,自控力
stratified,分层的,hierarchical,"等级制的; 等级的"
stationary,"静止的; 没有移动的",static,"静止的; 静态的; 不变的; 静电"
polemic,"争论的; 论战; 挑衅的",disputation,"争论; 辩论"
voluble,健谈的,expansive,"健谈的; 广阔的; 广泛的; 宽广的"
understandable,"可以理解的; 合情理的",unsurprising,"不足为奇的; 不令人惊讶的"
anticipate,渗透,inform,"启发、影响、构成基础"
authoritative,"权威性; 专断的; 权威的",definitive,"确定的; 最终的; 确切的; 决定性的"
characteristic,"特征; 特性",emblematic,"象征性的; 象征的"
consensus about,关于……的共识,accord regarding,关于……的一致
unpredictable,难以预测的,fickleness,"善变; 浮躁"
early,早期的,precocious,早熟的
unpredictable,难以预测的,erratic,"不稳定的; 不确定的; 古怪的"
contrived,"人为的; 不自然的",artificial,"人造的; 人工的; 虚假的"
bromide,陈词滥调,platitude,陈词滥调
speculative,"投机的; 推测的; 猜测的",unsubstantiated,"未经证实的; 无事实根据的"
diffuse,"扩散; 弥漫; 蔓延",amorphous,"无定形的; 不明确的; 不清晰的"
malleable,"可塑性的; 可塑的",pliable,"柔韧的; 易弯曲的; 柔软的; 顺从的"
recalcitrant,"顽固的; 不服从的; 难以控制的",intractable,"棘手的; 难以处理的; 难以对付"
deliberate,"商榷; 深思熟虑的; 故意的",calculated,"精心策划的; 蓄意的"
rapprochement,"和解; 融洽",reconciliation,"和解; 协调"
plastic,"可塑的; 塑料的",malleable,"可塑性的; 可塑的"
lamentable,可悲的；令人遗憾的,deplorable,可悲的；糟糕的
scandalous,"可耻的; 丑闻的; 不体面的",unseemly,"不体面的; 不得体的; 不合适的"
abjection,"落魄; 屈辱",wretchedness,"不幸; 悲惨"
archaic,"古老的; 古旧过时的; 古代的",fusty,"发霉的; 陈旧的"
charitable,"宽容; 慈善的",forbearing,"隐忍; 容忍的; 宽容的"
exculpate,"开脱罪责; 使无罪",absolve,免除
nebulous,"模糊的; 不清楚的; 不明朗的",amorphous,"无定形的; 不明确的; 不清晰的"
anomalous,"异常的; 不规则的",singular,"独特的; 单数的; 奇异的"
gauge,"测量; 评估; 标准",indicator,"指示灯; 指标"
resented,被怨恨的,begrudged,"嫉妒的; 羡慕; 嫉妒; 吝啬"
cruelty,"残酷; 残忍",barbarity,"野蛮; 残暴行为"
tyro,新手,novice,"新手; 初学者"
inconsistent,"不一致的; 矛盾的",erratic,"不稳定的; 不确定的; 古怪的"
inhibited,"抑制的; 受抑制的",constrained,"受到限制的; 强迫的"
inapposite,不适当的,misguided,误导的
enthralled by,被……迷住,captivated by,被……吸引
realism,"现实主义; 现实主义精神",verisimilitude,逼真
interested in,对……感兴趣的,drawn to,被吸引到
peripheral,"外围的; 边缘的",subsidiary,附属的
refractory,"难以控制的; 倔强的; 顽固的",recalcitrant,"顽固的; 不服从的; 难以控制的"
paucity,"匮乏; 缺乏; 稀缺; 不足",dearth,"匮乏; 缺乏的; 吃紧"
constant,"持续的; 常数",perennial,"常年的; 长久的; 持续的"
hauteur,傲慢,superciliousness,目空一切; 傲慢
commonplace,"普通的; 普遍的",pervasive,"渗透的; 全面的; 普遍存在的; 无处不在的"
neglect,"忽视; 不修理; 忽略",dismiss,"忽视; 解雇; 不予考虑"
lacking,缺乏,wanting,"不足; 缺乏"
truculence,好斗,belligerence,"好战; 好斗"
parochial,"地方观念的; 狭隘的; 教区的",narrow,"狭窄的; 不宽阔的"
fusty,"发霉的; 陈旧的",retrograde,"逆行; 后退"
fertile,"肥沃的; 能繁殖的",fecund,多产的
elegy,挽歌,requiem,安魂曲
apogee,"远地点; 顶点; 最高点",acme,"极致; 顶点"
modern,"现代的; 时髦的; 当代的",advanced,"先进的; 高级的"
canny,"精明的; 谨慎",shrewd,"精明的; 机敏的"
modified,被修改的,adapted,适应的
scorn,轻蔑,disparage,"贬低; 轻视"
multifarious,"五花八门; 多种多样的; 多样的",complex,复杂的
striking,"显著的; 引人注目的",pronounced,"明显的; 宣告; 显著的"
abstruse,"深奥的; 难懂的",recondite,"深奥的; 难懂的"
exigent,"紧急的; 迫切的",imperative,"至关重要的; 必要的"
inappropriate,"不当; 不合适的; 不恰当的",unfeasible,不可行的
salubrious,有益健康的,optimal,最佳的
convoluted,"错综复杂的; 曲折的",intricate,"复杂的; 错综复杂的"
proscribe,"禁止; 排斥",disallow,不允许
precipitate,"加速; 沉淀; 匆忙的; 急剧的; 促使",hasty,"仓促的; 匆忙的"
onerous,"繁重的; 费力的; 艰巨的",arduous,"艰巨的; 艰苦的"
controversy,争议,disputation,"争论; 辩论"
functional,"功能性的; 功能的",serviceable,"可用的; 有用的"
belie,"掩饰; 掩盖; 证明为假",contradict,"顶撞; 反驳; 与...矛盾"
eliminate,"消除; 淘汰",foreclose,"排除; 拒绝接受"
eliminate,"消除; 淘汰",discontinue,"停止; 终止"
salient,"突出的; 显著的",prominent,"显著的; 杰出的; 重要的; 突出的"
preclude,"排除; 阻止; 妨碍",frustrate,"挫败; 使沮丧"
superciliousness,目空一切; 傲慢,condescension,居高临下
refutation,"反驳; 驳斥",rebuttal,"反驳; 辩驳"
contravene,违反,gainsay,"否认; 反驳"
telescoping,"压缩; 缩短",compression,压缩
lucid,"清醒的; 清晰的; 明晰的",intelligible,"易懂的; 可理解的"
forestall,"垄断; 预防; 阻止",prevent,"防止; 阻止; 预防; 制止"
frugal,节约的,stinting,节约
analogous,"类似的; 相似的",comparable,"可比; 类似的; 可比较的"
buttress,"支持; 支撑",bolster,"支持; 支撑; 加强"
rule out,排除,preclude,"排除; 阻止; 妨碍"
insular,"狭隘的; 岛屿的; 心胸狭窄的; 与世隔绝的; 独自的",narrow-minded,"心胸狭窄的; 偏狭的"
reinforcement,"加强; 强化",bolstering,"支持; 增强"
undermine,"破坏; 削弱",contradict,"顶撞; 反驳; 与...矛盾"
finer,更精细的,more sensitive,更敏感
unsung,"无名的; 未被赞颂的; 未被声称",disregarded,被忽视
annalist,"编年史家; 编年史作者",chronicler,"编年史家; 编年史作者"
fragility,"脆弱性; 易碎",impermanence,"无常; 无常性"
disposition,"性格; 性情; 倾向",proclivity,"倾向; 偏好"
fortuitous,"偶然的; 幸运的",accidental,偶然的
equanimity,"平静; 镇定",sangfroid,"冷静; 沉着冷静"
exploitable,"可利用的; 可剥削的",useful,"有用的; 实用的"
uncommon,"不常见的; 罕见的; 不寻常的",rare,"稀有的; 罕见的"
piecemeal,"零碎的; 零散的; 分散的",fragmentary,"零散的; 碎片的; 片段的"
orthodox,"正统; 正统的; 振荡的",conformist,"顺从者; 守旧的"
source,来源,origin,"原点; 起源; 来源"
enmity,"敌意; 仇恨",antipathy,"反感; 厌恶"
slippery,"滑; 滑动的; 难以应付的",elusive,"难以达到的; 难以捉摸的"
dynamic,动态的,ongoing,正在进行的
eschew,"避开; 避免",shun,"回避; 避开"
intrigue,"激起兴趣; 引起兴趣; 密谋",drive,"驾车; 推动"
credulous,"轻信的; 小河",gullible,"易受骗的; 轻信的"
top-down,自上而下的,peremptory,"专横的; 强制的"
abundance,丰富,ubiquity,"无处不在; 无所不在"
dearth,"匮乏; 缺乏的; 吃紧",paucity,"匮乏; 缺乏; 稀缺; 不足"
abstruseness,深奥,opacity,"不透明度; 不透明性"
celebrity,名人,prominence,"突出; 显著; 名声"
uniform,"统一的; 一致的; 相同的; 均匀的",standardized,标准化的
pulverize,粉碎、彻底打击,eviscerate,无情拆解、狠批
speculative,"投机的; 推测的; 猜测的",conjectural,"推测的; 揣测的"
arbitrary,"随意的; 任意的; 主观的; 武断的",random,"随机的; 任意的"
prophylactic,预防的,inhibitory,抑制性的
subversion,"颠覆; 破坏",violation,"违反; 侵犯"
credulity,轻信,naiveté,天真
scant,"不足的; 缺乏的",limited,有限
unfounded,"毫无根据的; 无根据的",baseless,毫无根据的
obscure,"模糊的; 晦涩的",opaque,不透明的
complicated,复杂的,knotty,"复杂的; 棘手的"
rapacious,"贪婪; 贪婪的; 极度需求的",avaricious,贪婪的
circumscribed,"受限的; 局限的; 被限制的",restricted,受限制的
order,"命令; 次序",stability,稳定性
riddle,谜语,conundrum,"难题; 谜题"
anomaly,"异常; 异常现象",aberration,"反常; 异常"
dimming,调暗,darkening,变暗; 加深（比喻消极）
bedrock,基石,foundations,基础
shortcoming,缺点,fault,错误
unassuming,"谦逊; 谦逊的",modest,"谦逊的; 简朴的; 谦虚的; 适度的"
quixotic,"不切实际的; 空想的",idealistic,理想主义的
robust,"强壮的; 强健的; 强劲的",strong,"强的; 强大的; 强烈的; （指力量; 效果等强大的）"
predilection,爱好,proclivity,"倾向; 偏好"
relished,享受,delighted in,因……而欣喜
limiting,限制性的,confining,限制的
nebulous,"模糊的; 不清楚的; 不明朗的",vague,"模糊的; 含糊的"
paltry,"微不足道的; 不值一提的; （数量）微小的; 无价值的;",meager,"贫乏的; 不足的; 稀少的; 微薄的"
exactitude,"精确性; 准确性; 确切",meticulousness,一丝不苟
evasive,回避的,elusive,"难以达到的; 难以捉摸的"
belie,"掩饰; 掩盖; 证明为假",mask,"掩盖; 掩饰"
abound,"大量存在; 充满",proliferate,"增生; 激增; 扩散"
strip away,剥离,remove,"移除; 去除"
flexibility,"灵活性; 柔韧性",suppleness,"柔软性; 柔软"
palliate,"减缓; 缓和",damp,湿的
audacious,"大胆的; 鲁莽的",striking,"显著的; 引人注目的"
meet,满足,condign,"应得的; 恰当的"
foolish,"愚蠢的; 傻的",simple,简单的
cure-all,万能灵药,panacea,"万灵药; 灵丹妙药"
timely,及时,opportune,适当的
determine,"决定; 确定",govern,"统治; 治理"
civility,彬彬有礼,comity,"友好; 礼让"
stymie,"阻碍; 妨碍",hinder,阻碍
exiguous,"微小的; 不足的; 非常少的; 勉强的",tenuous,脆弱的
plausible,"似是而非的; 看似合理的; 似乎可信的",conceivable,可以想象的
totemic,图腾的,emblematic,"象征性的; 象征的"
foster,"促进; 培养",adopt,"采纳; 采用"
immaterial,"不重要的; 非物质的",inconsequential,"无关紧要的; 不重要的; 不相关的"
equivocal,"模糊的; 模棱两可的; 含糊其辞的",ambiguous,模棱两可的
divergent,"分歧的; 背离的; 不同的",dissimilar,"不相似的; 不同的"
private,"私人的; 秘密的",insular,"狭隘的; 岛屿的; 心胸狭窄的; 与世隔绝的; 独自的"
insatiable,"无法满足的; 贪得无厌的",voracious,贪婪的
apathy,冷漠,passivity,被动性
proponent,支持者,defender,辯護者
unquestionable,"毫无疑问的; 毋庸置疑的",undeniable,不可否认的
neglected,被忽视的,forsaken,被抛弃的
violate,"违背; 侵犯",contravene,违反
eager,渴望的,keen,"敏锐的; 热衷的"
cede,放弃,relinquish,"放弃; 让出"
pressing,紧迫的,exigent,"紧急的; 迫切的"
reluctant,不情愿的,unwilling,不愿意的
indifference,漠不关心,apathy,冷漠
detect,"探测; 察觉; 发现",discern,"辨别; 分辨"
fungible,"可替代的; 可互换的",interchangeable,可互换的
dispel,"驱散; 消除",dismiss,"忽视; 解雇; 不予考虑"
indubitable,无可置疑的,incontrovertible,"无可争议的; 无可辩驳的; 不容置疑的"
formidable,"强大的; 令人敬畏的",daunting,"令人畏缩的; 令人望而生畏的"
uncertainty,不确定性,instability,"基础薄弱; 不稳定性"
support,"支持; 支撑",champion,"冠军; 支持"
counterpart,"对方; 对应物",parallel,"平行线; 平行的; 相似的"
deliberation,"深思熟虑; 考虑",consideration,"考虑; 思考; 照顾"
average,"平均数; 平均的; 平庸的",undistinguished,"平庸的; 无特色的"
preserve,保护,safeguard,保护措施
mitigate,"缓解; 减轻; 缓和",curtail,"削减; 缩小(动词)"
improbable,"不可能的; 不太可能的",unlikely,"不太可能; 不太可能的; 不可能的"
destroy,"摧毁; 毁灭",annihilate,"歼灭; 毁灭"
immaterial,"不重要的; 非物质的",irrelevant,不相关的
reflexive,"反射性的; 条件反射的; 自反的; 反身的",automatic,"自动的; 不假思索的"
fluid,"流动的; 不稳定的; 流转的; 流体的; 不固定的",mutable,"可变的; 会变的; 变异物"
allay,"减轻; 缓和; 平息",palliate,"减缓; 缓和"
underwritten,担保,endorsed,支持的
fitting,合适的,apposite,贴切的
unsettling,"不安的; 令人不安的",disconcerting,"令人困惑的; 令人不安"
essential,"基本的; 必要的; 重要的; 关键的",foundational,基础的
maverick,特立独行的人,nonconformist,"不墨守成规的; 非协调的"
awkwardness,尴尬,discomfiture,"尴尬; 窘迫"
contingencies,"偶发事件; 偶然性",serendipity,"偶然性; 意外发现; 机缘巧合"
unwarranted,"毫无根据的; 没有理由的",inapplicable,不适用的
fundamentally miscellaneous,根本上是杂乱的,thoroughly eclectic,极其兼收并蓄的
unambiguous,"明确的; 清晰的",transparent,"透明的; 易懂的"
eclectic,"不拘一格的; 折中的; 兼收并蓄的; 折衷的",wide-ranging,广泛的
incomplete,"不完整的; 不完全的",limited,有限
nurture,"培养; 养育",foster,"促进; 培养"
illuminate,"阐明; 启示; 照亮",clarify,"阐明; 澄清"
sequestered within,被隔离在...之内,unique to,独有于
academic,学术的,theoretical,"理论上的; 理论的"
support,支持; 支撑,abet,"助长; 教唆; 支持; 促使（坏事等）成为可能; 帮助"
exploit,"开发; 利用; 剥削",utilize,"利用; 使用"
hodgepodge,大杂烩,pastiche,"混成作品; 模仿作品"
partition,分隔,segment,"片段; 部分"
cynical,愤世嫉俗的,jaded,"厌倦的; 疲惫的"
predation,"掠食; 掠夺",rapacity,"贪婪; 极度需求"
stationary,"静止的; 没有移动的",inert,"惰性的; 不活跃的"
basic,"基本的; 基础的",crude,"原油; 粗糙的"
routine,"常规; 例行公事",grind,"磨碎; 磨练; 用功"
ample,"丰富的; 充足的",prodigious,"惊人的; 巨大的; 异常的"
ecstatic,"狂喜的，欣喜若狂的",rapturous,狂喜般的
vehemence,"激烈; 猛烈",ferocity,凶猛
interdependent,"相互依赖的; 相互依存的",symbiotic,共生的
self-sacrifice,自我牺牲,altruism,"利他主义; 爱他人"
foreswear,放弃、背弃誓言,renounce,"放弃; 抛弃"
noxious,"有害的; 有毒的",insalubrious,"不健康的; 有害的"
dissembling,"掩饰; 伪装",mendacity,"谎言; 虚假; 虚伪"
charisma,魅力,appeal,"吸引力; 吸引; 呼吁"
reticence,"沉默寡言; 缄默; 沉默",reserve,"预订; 保留; 储备"
mitigate,"缓解; 减轻; 缓和",relieve,缓解
invariable,"不变的; 一贯的",constant,"持续的; 常数"
distill,"蒸馏; 提取",extract,"提取; 萃取"
placatory,"抚慰的; 安抚的; 讨好的",conciliatory,"安抚的; 和解的; 调和的; 调解的"
occult,神秘的,arcane,"深奥的; 晦涩的; 神秘的; 晦涩难懂的"
laconic,"简洁的; 话少的",spare,"多余的; 节约"
indefensible,"站不住脚的; 无可辩护的",untenable,"站不住脚的; 无法维持的; 不能支持的"
brook,"小溪; 容忍",tolerate,容忍
adversarial,"对立的; 对抗的",antagonistic,"敌对的; 对抗性的"
dichotomous,"二分的; 矛盾的",contradictory,相互矛盾的
minimal,"最小的; 最低限度的",trifling,"琐碎的; 微不足道的"
trivial,"琐碎的; 不重要的",inconsequential,"无关紧要的; 不重要的; 不相关的"
expel,"驱逐; 开除",oust,驱逐
unconventional,"不传统的; 非传统的",quirky,"古怪的; 奇异的"
antediluvian,"远古的; 陈旧的; 上古的",archaic,"古老的; 古旧过时的; 古代的"
discern,"辨别; 分辨",discover,"发现; 找到"
irrelevant,不相关的,extraneous,"无关的; 多余的"
remiss,"粗心的; 疏忽的",dilatory,拖延的
encyclopedic,"全面的; 百科全书式的",exhaustive,"详尽的; 彻底的; 全面的"
persistence,"留存; 坚持; 持久的",survival,"幸存; 生存"
invisible,看不见的,ethereal,"飘渺的; 超凡的; 精神的"
augment,"扩大; 增加",extend,"扩展; 延长; 延伸"
contentious,"有争议的; 引起争议的",controversial,"有争议的; 引起争议的; 引起争论的"
rudimentary,"基础的; 初级的; 基本的",sketchy,"粗略的; 不完整的; 素描的"
inflammatory,"发炎的; 煽动性的",provocative,煽动性的
unfounded,"毫无根据的; 无根据的",unjustified,"不合理的; 无理由的; 无正当理由的"
preachy,"爱说教的; 劝诫的; 说教的",sanctimonious,"假装虔诚的; 道貌岸然的"
fiery,"激烈的; 火热的",impassioned,"激情的; 充满激情的; 激昂的"
visible,"可见的; 明显的",salient,"突出的; 显著的"
faultlessness,"无可挑剔的; 完美无缺; 无瑕疵",perfection,"完美; 尽善尽美; 完全"
insufficient,"不充分的; 不足的",meager,"贫乏的; 不足的; 稀少的; 微薄的"
implacable,"无法调和的; 难以安抚的; 无法和解的; 无法改变的",unyielding,"不屈服的; 固执的"
left to,留给,ceded to,"让与; 割让给"
feigned,"虚伪的; 假装的",false,"假的; 错误的; 虚假的; 伪造的"
avert,"避免; 阻止",forestall,"垄断; 预防; 阻止"
essential,"基本的; 必要的; 重要的; 关键的",indispensable,"不可或缺的; 必须的; 必不可少的"
endemic,"地方性的; 某地特有的; 常见 的; 特有的",native,"本地的; 原生的; 本土的; 本国的"
itinerant,"流动的; 巡回的",peripatetic,"逍遥的; 巡游的; 四处游历的; 流动的"
buttress,"支持; 支撑",bolster,"支持; 支撑; 加强"
respected,受尊敬的,venerable,"庄严的; 受尊敬的; 值得尊敬的"
analogous,"类似的; 相似的",comparable,"可比; 类似的; 可比较的"
manifest,"显然的; 明显的; 显现的; 显而易见的; 表现出",self-evident,"不证自明的; 不言而喻的"
antagonistic,"敌对的; 对抗性的",inimical,"有害的; 敌意的"
emendation,"修订; 校订",revision,修订
wayward,"难以控制的; 任性的; 刚愎自用的",errant,"犯错误的; 漫游的; 错误的; 偏离正道的"
cursory,"粗略的; 草率的",perfunctory,"敷衍的; 漫不经心的"
polymathic,"博学的; 全面的",encyclopedic,"全面的; 百科全书式的"
healthy,"健康良好的; 健康的; 健壮的",robust,"强壮的; 强健的; 强劲的"
unexceptional,"平庸的; 普通的; 平凡的; 不例外的",nondescript,"不伦不类; 无特征的; 平凡的; 不显眼"
flummoxed,困惑的,confounded,"困扰的; 困惑的; 混乱的"
anomalous,"异常的; 不规则的",unusual,"异常; 不寻常的"
dwindling,"减少; 逐渐减少的",contracting,收缩
meager,"贫乏的; 不足的; 稀少的; 微薄的",paltry,"微不足道的; 不值一提的; （数量）微小的; 无价值的;"
cheerless,"阴郁的; 悲伤的",gloomy,"阴沉; 忧郁的; 阴沉的; 阴暗的"
generate,"产生; 制造",originate,起源
discordance,"不和谐; 意见不合; 不一致",contention,"争论; 争执"
evenhandedness,"公正; 公平; 公正性",impartiality,"公正; 不偏不倚; 无偏见; 公平"
sanction,"制裁; 批准",endorse,"认可; 支持"
proscriptive,"禁止性的; 限制的; 规定性的",exacting,"苛求的; 要求严格的; 严格的"
infer,"推断; 推论出",surmise,猜测
circuitous,"迂回的; 绕圈子的",indirect,"不直接的; 间接的; 迂回的"
exacerbate,"恶化; 加剧症状",aggravate,"使恶化; 加重; 恶化"
painstakingly,"精心地; 艰苦费心地; 煞费苦心地",meticulously,一丝不苟地
objective,"客观的; 客观标准; 目标",impartial,"客观公正的; 公正的; 中立的"
vitiate,"使之变质; 削弱; 损害",undercut,"底切; 削弱"
trivial,"琐碎的; 不重要的",insignificant,"微不足道的; 不重要的; 无关紧要的"
superficial,"粗略的; 肤浅的; 表面的",sketchy,"粗略的; 不完整的; 素描的"
corroborate,"证实; 支持",confirm,"确认; 支持; 证实"
inimical,"有害的; 敌意的",deleterious,有害的
acerbic,"尖刻的; 尖酸的; 尖酸刻薄的",harsh,"残酷的; 严厉的; 刺耳的"
lambaste,"严厉斥责; 痛斥",deride,"嘲笑; 揶揄; 嘲弄"
inertia,"惯性; 惰性; 不活动",stasis,"停滞状态; 平衡状态"
simpleminded,"简单的; 愚蠢的",unsophisticated,"不复杂的; 朴素的; 不老练的"
deferential,恭敬的,respectful,"尊重的; 恭敬的; 尊重"
learned,有学问的,erudite,"博学的; 有学问的"
stymie,"阻碍; 妨碍",confound,"混淆; 挫败; 证明...有错; 使困惑"
attributed to,归因于,explained by,由...解释
unconventional,"不传统的; 非传统的",original,"原来的; 原始的; 原创的; 独创的"
waver,"摇摆; 犹豫",oscillate,摇摆
understandable,"可以理解的; 合情理的",transparent,"透明的; 易懂的"
patent,"明显的; 专利",evident,"明显的; 显而易见的"
remunerative,"有报酬的; 有利可图的",lucrative,"有利可图的; 赚钱的"
reflexive,"反射性的; 条件反射的; 自反的; 反身的",automatic,"自动的; 不假思索的"
exceptional,"异常的; 非凡的",rare,"稀有的; 罕见的"
resolve,"决心; 解决; 决定",determination,"决心; 决定"
counterpart,"对方; 对应物",correlative,"相关的; 互相关联的"
unfathomable,"深不可测的; 难以理解的; 不可思议的",inscrutable,"深不可测的; 难以理解的"
defraud,"欺骗; 欺诈",swindle,"骗取; 欺骗"
capriciousness,"反复无常; 任性; 变幻莫测",volatility,"易变性; 不稳定性"
undergirded by,支撑,dependent on,依赖于
pervasive,"渗透的; 全面的; 普遍存在的; 无处不在的",ubiquitous,"无处不在的; 普遍存在的"
unscrupulous,"无道德原则的; 肆无忌惮的; 不择手段的",dishonest,"不诚实的; 不正直的"
anathema to,对...极其憎恶,repellent to,令人反感的
minutiae,"细节; 细枝末节",particulars,"细节; 详细情况"
prejudicial,"带有偏见的; 对不利影响的",tendentious,"有倾向性的; 倾向性的; 有偏见的"
dearth,"匮乏; 缺乏的; 吃紧",paucity,"匮乏; 缺乏; 稀缺; 不足"
skirt,"避开; 回避",circumvent,"规避; 绕过"
cursory,"粗略的; 草率的",fleeting,短暂的
rapacity,"贪婪; 极度需求",exaction,"榨取; 勒索物品（或金钱）; 欺诈; 敲诈"
fiction,"小说; 虚构",invention,发明
choleric,"脾气差; 容易发怒的; 暴躁的",irascible,"容易生气的; 易怒的; 暴躁的"
untouched,"未受影响的; 未触动的; 未被触碰的",pristine,"原始的; 未触动过的; 新的"
contingent,"依情况而定的; 取决于",uncertain,"不确定; 不确定的"
fabulous,"传奇的; 极好的; 绝妙的",legendary,"传说的; 传奇的"
disparity between,"差异; 不同",gap between,差距
imperceptible,"不易察觉的; 察觉不出的",trivial,"琐碎的; 不重要的"
straightforward,"直接的; 坦率的",unproblematic,没有问题的
continuous,连续的,unremitting,"持续不断的; 不懈的"
discerning,有辨识能力的；眼光敏锐的,accurate,准确的
sound,"声音; 合理的; 可靠的; 健康的",prudent,"谨慎的; 顾虑周到的; 精明的; 审慎的"
leveling,使平等,equalizing,使均等
ubiquitous,"无处不在的; 普遍存在的",omnipresent,无所不在
sybaritic,奢侈的,hedonistic,享乐主义的
ineptitude at,对……无能,maladroitness in,笨拙于
exclude,"排除; 拒绝",obviate,"消除; 排除"
itinerant,"流动的; 巡回的",peripatetic,"逍遥的; 巡游的; 四处游历的; 流动的"
hinder,阻碍,inhibit,"抑制; 阻碍"
ignoble,"不光彩的; 卑鄙的",reprehensible,应受谴责的
indolence,"懒惰; 懒散",sloth,"懒惰; 树獭"
deploy,"部署; 使用",marshal,治理
mute,"静音; 被压制的声音",attenuate,"减弱; 减弱的"
boon,"利益; 益处",windfall,意外之财
levelheadedly,头脑清醒地,soberly,冷静地
dynamic,动态的,mutable,"可变的; 会变的; 变异物"
overwhelming,"势不可挡的; 压倒性的; 令人难以应对的",irresistible,"不可抗拒的; 诱人的"
untenable,"站不住脚的; 无法维持的; 不能支持的",indefensible,"站不住脚的; 无可辩护的"
tenacity,"韧性; 坚韧; 固执; 坚毅",doggedness,"顽强; 坚持不懈"
penetrating,"穿透性的; 透彻的; 敏锐的; 有洞察力的",acute,"急性; 敏锐的; 剧烈的; 尖锐的"
sensible,明智的,levelheaded,头脑冷静的
economy,"经济; 简洁; 简练",concision,"简洁; 简明扼要"
vitriolic,"尖刻的; 恶毒的; 辛辣的",acrimonious,尖刻的
anticipate,预期,prefigure,"预示; 预兆"
penitent,"忏悔者; 悔过的; 忏悔的",contrite,"悔悟; 悔过的"
recalcitrant,"顽固的; 不服从的; 难以控制的",restive,"不安的; 难以驾驭的; 烦躁的; 焦躁的"
extoll,"赞美; 赞颂",acclaim,"欢呼; 赞扬"
intellectualism,"智性主义; 知识分子主义",erudition,"博学; 学识; 学识渊博; 学问"
indiscernible,"难以辨认的; 不可辨识的",imperceptible,"不易察觉的; 察觉不出的"
polarization of,……的两极分化,dichotomy between,……之间的二分法
liberating,解放的,emancipatory,解放性的
fanciful,"幻想的; 奇特的; 异想天开的",chimerical,"空想的; 幻想的"
synonymous with,与...同义,reducible to,可归结为
invention,发明,contrivance,"发明创造; 计谋; 设计"
consequential,"后果性的; 重要的; 重大的",indispensable,"不可或缺的; 必须的; 必不可少的"
protocol,"协议; 礼仪",decorum,礼仪
liminal,"阈限; 临界的",intermediate,中间的
propitious,"有利的; 吉利的",favorable,"有利的; 赞同的"
privileged,特权的,favored,"受青睐的; 赞同的"
unsustainable,不可持续的,untenable,"站不住脚的; 无法维持的; 不能支持的"
puzzle,"困惑; 谜; 难题",enigma,"谜; 难以理解的事物"
indifference,漠不关心,apathy,冷漠
transitory,"暂时的; 短暂的",ephemeral,"短暂的; 瞬息的"
exemplar,"典范; 榜样; 模范",polestar,"指南针; 极星"
tantamount to,等同于,commensurate with,与...相当
cumbersome,笨重的,unwieldy,"笨重的; 复杂的; 难处理的"
tenuous,脆弱的,improbable,"不可能的; 不太可能的"
paradigmatic,"范式的; 范例的; 典范的; 典型的",archetypal,"典型的; 原型"
mainstay,支柱,foundation,"创建; 基础; 根基"
atypical,"非代表性的; 非典型性的",idiosyncratic,"特殊的; 独特的"
central,"中心的; 中央的",fundamental,基本的
trump,击败,supplant,取代
combine,结合,meld,"熔合; 合并"
conceivable,可以想象的,possible,可能的
mercurial,"水银; 多变的; 善变的",volatile,"易挥发的; 易变的; 不稳定的; 暴躁的"
complex,复杂的,confounding,"混淆的; 令人困惑的"
upend,倒置,undermine,"破坏; 削弱"
salient,"突出的; 显著的",palpable,"可触及的; 明显的"
abstruse,"深奥的; 难懂的",esoteric,"深奥的; 只有少数人理解的; 难懂的"
unjustified,"不合理的; 无理由的; 无正当理由的",baseless,毫无根据的
abrogate,废除,nullify,使无效
ephemeral,"短暂的; 瞬息的",transitory,"暂时的; 短暂的"
curious,反常的、奇怪的,peculiar,"奇特的; 古怪的"
persevere,"坚持; 不屈不挠",persist,"持续; 存留"
conditional,有条件的,contingent,"依情况而定的; 取决于"
imperceptible,"不易察觉的; 察觉不出的",undetectable,"不可察觉的; 不可觉察的; 无法被检测到的"
unwieldy,"笨重的; 复杂的; 难处理的",cumbersome,笨重的
petulance,易怒,irascibility,"肝火; 易怒; 暴躁"
nebulous,"模糊的; 不清楚的; 不明朗的",incoherent,无逻辑的
surfeit,"过量; 过多; 过剩",excess,"过多; 过剩"
prodigious,"惊人的; 巨大的; 异常的",voracious,贪婪的
muddled,混乱的,turbid,"浑浊的; 混浊的"
idealization,理想化,romanticization,浪漫化
unfolding,"展开中的; 逐渐明朗的",living,"活着; 生存"
advocate of,……的倡导者,apologist for,……的辩护者
idle,"懒散的; 无所事事的; 闲散的",slothful,懒惰的
opening,"开端; 开场",opportunity,机会
substantial,"重大的; 大而牢固; 实质的; 大量的",solid,固体的
sleazy,卑鄙的,sordid,肮脏的
collapse,"坍塌; 崩溃",dwindle,"减少; 缩小"
anomaly,"异常; 异常现象",inconsistency,"不一致; 矛盾; 不一致性"
discern,"辨别; 分辨",detect,"探测; 察觉; 发现"
slippery,"滑; 滑动的; 难以应付的",elusive,"难以达到的; 难以捉摸的"
glut,过剩,surfeit,"过量; 过多; 过剩"
precarious,"不稳定的; 危险的",perilous,危险的
obviate,"消除; 排除",displace,"替换; 移动"
puzzle,"困惑; 谜; 难题",conundrum,"难题; 谜题"
decry,谴责,condemn,谴责
respite from,从……中得到喘息,break from,与……的分离
hone,"磨刀石; 磨砺技巧",enhance,"提高; 增强"
reprehensible,应受谴责的,deplorable,"可悲的; 可怕的; 悲惨的"
cryptic,"神秘的; 含义隐晦的",elusive,"难以达到的; 难以捉摸的"
imperceptible,"不易察觉的; 察觉不出的",indiscernible,"难以辨认的; 不可辨识的"
captivated by,被……吸引,enamored of,迷恋于
acerbic,"尖刻的; 尖酸的; 尖酸刻薄的",vitriolic,"尖刻的; 恶毒的; 辛辣的"
revival,复兴,renaissance,复兴
inherent in,……中固有的,intrinsic to,固有于
sincerity,"真诚; 诚意",earnestness,"认真; 诚挚"
sound,"声音; 合理的; 可靠的; 健康的",unassailable,"无懈可击的; 不可动摇的; 坚不可摧"
antipathetic to,对……反感的,inconsistent with,与...不一致
skepticism,"怀疑论; 怀疑; 怀疑态度; 怀疑",doubt,"怀疑; 不确定"
euphoria,"欣快; 亢奋; 异常愉快感",jubilation,"欢腾; 欢欣鼓舞"
cursory,"粗略的; 草率的",perfunctory,"敷衍的; 漫不经心的"
sympathetic,有同情心的,well-disposed,友好
questionable,"可疑的; 有问题的; 值得怀疑的",dubious,"可疑的; 令人怀疑的"
hesitancy,"犹豫; 踌躇",tentativeness,犹豫不决
onerous,繁重的；艰巨的,wearisome,"令人疲倦的; 乏味的; 令人厌烦的"
innocuous,无害的,harmless,无害的
perceptible,可察觉的,appreciable,"可观的; 显著的"
elision,省略,omission,省略
pigeonhole,"鸽子洞; 分类",stereotype,刻板印象
temper,"调节; 使缓和; 脾气; 缓和",mitigate,"缓解; 减轻; 缓和"
demarcation of,……的划界; 界定,lines between,……之间的界限
laconic,"简洁的; 话少的",taciturn,沉默寡言的
dismissive of,对……不屑一顾,scornful of,蔑视……的
unwarranted,"毫无根据的; 没有理由的",dubious,"可疑的; 令人怀疑的"
impediment,"阻碍; 障碍",obstacle,障碍
mundane,"平凡的; 世俗的; 普通的",commonplace,"普通的; 普遍的"
facile,"容易的; 轻率的; 肤浅的; 轻松的",simplistic,"过分简化的; 简单化; 简单主义的"
latitude,纬度,leeway,余地
veracity,"真实性; 诚实",truth,"真相; 真实"
impartial,"客观公正的; 公正的; 中立的",evenhanded,"不偏不倚; 公平的; 公正的"
disparity,"差异; 不同",imbalance,不平衡
taciturn,沉默寡言的,reticent,沉默寡言的
flagged,变虚弱; 变衰退,languished,受折磨
overused,被过度使用的,trite,"陈腐的; 陈词滥调"
unstinting,"慷慨的; 毫不吝啬的",generous,慷慨的
pliant,"易弯曲的; 顺从的",malleable,"可塑性的; 可塑的"
downplay,"淡化; 不予重视; 贬低",minimize,"最小化; 减少"
trepidation,"不安; 担忧; 恐惧; 惊恐; 恐慌",apprehension,"理解; 忧虑"
disinterested,"公正的; 不偏不倚的",impartial,"客观公正的; 公正的; 中立的"
predilection,爱好,partiality,"偏袒; 偏见; 偏爱; 偏心"
unsuccessful,不成功的,futile,"无用的; 徒劳的"
assert,"断言; 声明",aver,"断言; 声称"
confound,"混淆; 挫败; 证明...有错; 使困惑",belie,"掩饰; 掩盖; 证明为假"
ignore,"忽略; 忽视; 无视",discount,"折扣; 打折"
burgeoning,迅速发展的,thriving,"兴旺的; 繁荣的"
profligate,"挥霍的; 放荡的",extravagant,"奢侈的; 过分的"
self-control,自控力,moderation,"适度; 自我节制; 节制"
concision,"简洁; 简明扼要",pithiness,"简练; 简短"
trusted,可信任的,esteemed,受人尊敬的
preoccupation,"全神贯注; 心事",obsession,痴迷
recoup,弥补,recover,"恢复; 找回"
uncertainty,不确定性,ambiguity,"歧义; 模糊性; 模棱两可; 不明确"
inhibited,"抑制的; 受抑制的",restrained,克制的
precarious,"不稳定的; 危险的",uncertain,"不确定; 不确定的"
skeletal,骨骼的,minimalist,极简主义的
unfocused,"无焦点的; 不集中注意力的",diffuse,"扩散; 弥漫; 蔓延"
reject,"拒绝; 否决",dismiss,"忽视; 解雇; 不予考虑"
upend,倒置,invert,倒转
fluidity,流动性,mutability,"可变性; 变化性"
trigger,触发,cause,"原因; 导致"
exacerbate,"恶化; 加剧症状",aggravate,"使恶化; 加重; 恶化"
pillory,抨击；公开批评,vilify,"诽谤; 诋毁; 中伤"
elevated,提升的,lofty,"高耸的; 崇高的; 高傲的; 高贵的"
perceptive,"有洞察力的; 敏锐的",astute,"机敏的; 聪明的; 敏锐的"
detest,"憎恶; 厌恶",abhor,憎恶
unwise,不明智的,misguided,误导的
brazen,厚颜无耻的,barefaced,厚颜无耻的
inchoate,刚开始的,incipient,初期的
lucidity,"明朗; 清晰; 明了",intelligibility,"可懂度; 容易理解; 可理解性"
guarded with,对……持谨慎态度,stinting with,节省
scarce,稀缺的,rare,"稀有的; 罕见的"
mitigate,"缓解; 减轻; 缓和",relieve,缓解
promising,有前途的,alluring,吸引人的
relative,"相对的; 相关的; 亲属",contingent,"依情况而定的; 取决于"
contemporary,当代的,topical,"话题性的; 局部的; 专题的"
sensitive to,对……敏感,modulated by,由……调节
fruitful,多产的,valuable,"有价值的; 宝贵的"
consistent,"持续的; 一致的",compatible,兼容的
profane,"亵渎; 亵示",desecrate,"亵渎; 玷污"
risky,"冒险的; 有风险的",speculative,"投机的; 推测的; 猜测的"
ubiquitous,"无处不在的; 普遍存在的",pervasive,"渗透的; 全面的; 普遍存在的; 无处不在的"
inclusive,"包括的; 包容的",comprehensive,"综合的; 全面的"
plastic,"可塑的; 塑料的",pliable,"柔韧的; 易弯曲的; 柔软的; 顺从的"
disciplinarian,纪律家,martinet,"严守纪律的人; 严格执行纪律的人"
ineluctable,"不可避免的; 不可逃避的",inevitable,"不可避免的; 必然发生的"
ephemeral,"短暂的; 瞬息的",transitory,"暂时的; 短暂的"
equivocal,"模糊的; 模棱两可的; 含糊其辞的",ambiguous,模棱两可的
dogmatic,"教条主义的; 武断的; 固执己见的",orthodox,"正统; 正统的; 振荡的"
surprising,令人惊讶的,startling,令人吃惊的
extemporize,"即兴表演; 即兴发言",improvise,即兴创作
risky,"冒险的; 有风险的",precarious,"不稳定的; 危险的"
effusive,"热情洋溢的; 过分热情的",fulsome,过分的
enigma,"谜; 难以理解的事物",mystery,"神秘; 神秘之事"
extirpate,"根除; 消灭",destroy,"摧毁; 毁灭"
desultory,"漫无目的的; 散漫的; 随意的",aimless,漫无目的的
scarcity,"缺乏; 匮乏",want,"想要; 缺少"
bereft of,缺乏,shorn of,被剥夺
esoteric,"深奥的; 只有少数人理解的; 难懂的",abstruse,"深奥的; 难懂的"
workaday,"日常的; 普通的",quotidian,"平凡的; 常见的; 日常的"
anomalous,"异常的; 不规则的",exceptional,"异常的; 非凡的"
dependent on,依赖于,sustained by,由……支撑
thwart,"阻挠; 阻止",frustrate,"挫败; 使沮丧"
insularity,"岛屿的; 独自的",parochialism,"狭隘主义; 狭小主义; 地方观念"
wide-ranging,广泛的,eclectic,"不拘一格的; 折中的; 兼收并蓄的; 折衷的"
sufficiency,"充分; 足够",efficacy,有效性
mar,"印记，弄脏",taint,玷污
contemplative,"沉思的; 严肃的; 深沉的; 深思熟虑的",ruminative,沉思的
personify,"化身; 使人格化",epitomize,"成为典型; 成为缩影; 典型化"
independent,"独立的; 自主的",freewheeling,自由随性的
disparate,"不同的; 迥然不同的",inconsonant,不一致的
enigmatic,"神秘的; 谜一样的; 难以捉摸的; 难以理解的",inscrutable,"深不可测的; 难以理解的"
rudimentary,"基础的; 初级的; 基本的",unsophisticated,"不复杂的; 朴素的; 不老练的"
decisive,"决定性; 决定性的; 果断的",marked,明显的
bombastic,"夸张的; 浮夸的; 空洞的",overblown,"过分夸大的; 夸张的"
worldliness,见多识广,cosmopolitanism,"世界主义; 国际主义"
espouse,"支持; 拥护",champion,"冠军; 支持"
bound,"约束; 跃过",circumscribed,"受限的; 局限的; 被限制的"
sensitive,"敏感的; 感性的",discerning,有辨识能力的；眼光敏锐的
punctuated,被……打断,intermittent,"间歇性的; 间歇的"
sycophancy,"谄媚; 马屁精",adulation,"吹捧; 称赞; 崇拜; 奉承"
provincial,地方的,insular,"狭隘的; 岛屿的; 心胸狭窄的; 与世隔绝的; 独自的"
cavalier,"漫不经心的; 傲慢的",dismissive,不屑一顾的
unevenness,"不均匀; 不平衡",inconsistency,"不一致; 矛盾; 不一致性"
renounce,"放弃; 抛弃",disavow,"否认; 抛弃"
judgment,"判断力; 判决",discretion,"审慎; 自由裁量权; 慎重; 谨慎; 判断力"
purposeful,"有目的的; 有目标的; 有意的",calculated,"精心策划的; 蓄意的"
peripheral,"外围的; 边缘的",extraneous,"无关的; 多余的"
hackneyed,陈腐的,trite,"陈腐的; 陈词滥调"
perturbation,扰乱,disruption,"破坏; 中断; 妨碍"
proliferate,"增生; 激增; 扩散",multiply,成倍增长
supplemented with,补充以……,augmented by,由...增强
implacable,"无法调和的; 难以安抚的; 无法和解的; 无法改变的",relentless,"无情; 不懈努力"
controversial,"有争议的; 引起争议的; 引起争论的",polarizing,引发分裂的; 极具争议的
fluid,"流动的; 不稳定的; 流转的; 流体的; 不固定的",mutable,"可变的; 会变的; 变异物"
competing,"竞相的; 竞争的",antagonistic,"敌对的; 对抗性的"
peripatetic,"逍遥的; 巡游的; 四处游历的; 流动的",mobile,"移动的; 可移动的; 流动性的"
outstrip,超过,surpass,超过
prodigious,"惊人的; 巨大的; 异常的",colossal,巨大的
quiescent,"静止的; 平静的",invariant,不变的
clear,清楚的；明显的,palpable,明显的
fade,褪色,wane,"衰落; 消失"
complaisant,乐于助人的,deferential,恭敬的
transcend,超越,go beyond,超越
self-contained,独立自主的,discrete,"离散的; 分离的; 不连续的"
magnanimous,"宽大的; 宽宏大量的",generous,慷慨的
insightful,"有深刻见解的; 富有洞察力的",sagacious,"明智; 睿智的"
whole,整个的,unbroken,未被打破的
emblematic,"象征性的; 象征的",quintessential,"典型的; 典范"
inimical to,对……有害的; 不利于,adverse to,"不利于; 反感"
displace,"替换; 移动",supplant,取代
variable,"多变的; 可变的; 变量",fluid,"流动的; 不稳定的; 流转的; 流体的; 不固定的"
isolated,孤立的,discrete,"离散的; 分离的; 不连续的"
beneficence,"善行; 慈善",altruism,"利他主义; 爱他人"
hodgepodge,大杂烩,patchwork,"拼凑; 拼缀"
heterogeneous,"异质; 异质的",disparate,"不同的; 迥然不同的"
wealth,"丰富; 财富",profusion,"大量; 丰富"
spurring,刺激,fostering,"促进; 培养"
speculative,"投机的; 推测的; 猜测的",conjectural,"推测的; 揣测的"
bypass,绕过,circumvent,"规避; 绕过"
hierarchical,"等级制的; 等级的",stratified,分层的
assert,"断言; 声明",maintain,"维持; 维护; 保养; 坚持(意见)"
rant against,"痛斥; 怒斥",diatribe on,关于……的谴责性演讲
hamstring,"阻碍; 限制",impair,"妨害; 损害; 削弱"
stubborn,"固执的; 顽强的; 顽固的",intractable,"棘手的; 难以处理的; 难以对付"
mixed,"混合的; 杂糅的",inconsistent,"不一致的; 矛盾的"
meticulous,"细致的; 一丝不苟的; 仔细的",thorough,"彻底的; 详尽的"
castigate,"鞭挞; 严厉批评",chastise,惩罚
awkward,"尴尬的; 笨拙的; 怪怪的",ungainly,"笨拙的; 别扭的"
evince,"表明; 明示; 显示; 表现",betray,"背叛; 流露出; 表现出"
elemental,"基本的; 基础的",rudimentary,"基础的; 初级的; 基本的"
heterogeneity,"多样性; 异质性",disparateness,"迥然不同; 差异; 不同"
inviolable,"不可侵犯的; 神圣不可侵犯的; 绝对不可轻视; 不可冒犯",sacrosanct,神圣不可侵犯的
inspirational,"鼓舞人心的; 激励人心的",animating,"使生气勃勃的; 使有生气"
bias,"偏见; 倾向; 偏向",orientation,"方向; 取向; 定位"
abstracted from,脱离,divorced from,脱离
tantamount to,等同于,synonymous with,与...同义
speculative,"投机的; 推测的; 猜测的",conjectural,"推测的; 揣测的"
preclude,"排除; 阻止; 妨碍",rule out,排除
perspicacity,"敏锐; 洞察力; 聪慧; 锐利的智商",discernment,"洞察力; 明辨能力; 鉴别力"
sound,"声音; 合理的; 可靠的; 健康的",unassailable,"无懈可击的; 不可动摇的; 坚不可摧"
temper,"调节; 使缓和; 脾气; 缓和",modulate,"调制; 调整"
unexampled,"前所未有的; 无前例的",novel,"新颖的; 新的; 小说; 新奇的"
upheaval,"动荡; 剧变; 巨变",convulsion,"动乱; 震荡; 动荡"
scolding,"责骂; 批评",admonishment,"警告; 告诫"
deleterious,有害的,counterproductive,"适得其反的; 反生产力的"
ceded to,"让与; 割让给",left to,留给
stringent,"严格的; 紧迫的",exacting,"苛求的; 要求严格的; 严格的"
contradict,"顶撞; 反驳; 与...矛盾",gainsay,"否认; 反驳"
autonomy,"自主; 独立; 自主权; 自治",independence,独立
purveyor,"供应商; 承办商",supplier,"供应者; 供应商"
opprobrium,"众人的责骂; 公开谴责",infamy,"臭名昭著; 恶名"
fluid,"流动的; 不稳定的; 流转的; 流体的; 不固定的",unstable,"不稳定的; 不牢固的"
pacific,"和平的; 太平的",dovish,"偏爱和平的; 温和派的"
expedite,"加快; 加速; 催促",facilitate,"促进; 便利"
capricious,"任性; 反复无常的",cavalier,"漫不经心的; 傲慢的"
rebuke,"谴责的; 责备; 斥责",mockery,"嘲弄; 嘲笑; 嘲讽"
temper,"调节; 使缓和; 脾气; 缓和",moderate,"温和的; 适度的"
caustic,"腐蚀性的; 刻薄的",acerbic,"尖刻的; 尖酸的; 尖酸刻薄的"
revolutionary,"革命性的; 革命的",iconoclastic,"打破旧观念的; 攻击传统的; 偶像破坏者"
spartan,"简朴的; 斯巴达式的",austere,"严峻的; 朴素的; 简朴的; 严肃的"
supplant,取代,supersede,取代
specious,"似是而非的; 貌似有理的; 伪造的; 华而不实的",spurious,"虚假的; 虚构的; 伪造的"
exacting,"苛求的; 要求严格的; 严格的",stringent,"严格的; 紧迫的"
assert,"断言; 声明",insist,"坚持; 坚决认为; 坚决要求"
fraud,"欺诈; 骗局",duplicity,"表里不一; 欺骗; 欺诈; 双重性"
cerebral,"大脑的; 脑力的",dispassionate,"冷静的; 客观的"
invariable,"不变的; 一贯的",static,"静止的; 静态的; 不变的; 静电"
temper,"调节; 使缓和; 脾气; 缓和",neutralize,"中和; 使无效; 使中和; 抵消"
seed,种子,germ,"萌芽; 胚胎; 微生物; 细菌"
democratic,"民主的; 民主党的",egalitarian,"平等主义; 平等主义的"
unremarkable,"不起眼的; 平凡的; 普通的",commonplace,"普通的; 普遍的"
haphazard,"随意的; 任意的; 偶然的; 杂乱的",arbitrary,"随意的; 任意的; 主观的; 武断的"
unalloyed,"非合金的; 纯粹的; 不掺杂的",neat,"纯净的; 没有混合物的; 整洁的; 整齐的"
unassailable,"无懈可击的; 不可动摇的; 坚不可摧",airtight,"无懈可击的; 密封的"
presage,"预示; 预兆; 预测",foretell,预言
exhaustive,"详尽的; 彻底的; 全面的",comprehensive,"综合的; 全面的"
diverse,"各种各样的; 不同的; 多种多样的",manifold,"多种多样的; 多样的"
judicious,"明智的; 有见识的",discriminating,有辨别能力的
brevity,"简洁; 简短",economy,"经济; 简洁; 简练"
doomed,注定要失败的,moribund,"奄奄一息的; 即将消亡的; 濒临破产的; 垂死的"
splendor,"辉煌; 壮丽",sumptuousness,奢华
supplement,"补充; 增加",augment,"扩大; 增加"
unique to,独有于,characteristic of,……的特征
caustic,"腐蚀性的; 刻薄的",stinging,"辛辣的; 尖刻的"
ancillary,"辅助的; 附属的",subsidiary,附属的
patent,"明显的; 专利",manifest,"显然的; 明显的; 显现的; 显而易见的; 表现出"
itinerant,"流动的; 巡回的",peripatetic,"逍遥的; 巡游的; 四处游历的; 流动的"
exhaustion,"精疲力尽; 疲惫",bankruptcy,破产
elisions,省略,lacunae,缺口
generosity,"慷慨; 大度",magnanimity,"海量; 宽宏大量; 慷慨; 大度; 宽容"
nuanced,"细致入微的; 微妙的; 有细微差别的",complex,复杂的
decry,谴责,disparage,"贬低; 轻视"
peculiar,"奇特的; 古怪的",idiosyncratic,"特殊的; 独特的"
supplemental,附加的,complementary,"补充的; 互补的"
clandestine,秘密的,surreptitious,"偷偷摸摸的; 秘密的"
apogee,"远地点; 顶点; 最高点",pinnacle,"顶点; 高峰"
flexibility,"灵活性; 柔韧性",malleability,可塑性
adroit,"熟练的; 精明的",skillful,"熟练; 熟练的"
selective,"可选择的; 选择性的",discerning,有辨识能力的；眼光敏锐的
chicanery,"欺骗; 欺诈; 狡诈",subterfuge,"秘密手段; 诡计; 狡计"
rigorous,"严格的; 严谨的",faithful,忠实的
homegrown,本土的,indigenous,"本地的; 本土的; 土著的"
appropriations,"挪用; 占用",pilferage,"盗窃; 偷盗; 失窃"
advantageous,有利的,expedient,"权宜; 得当的; 可取的; 有利的; 权宜之计的; 方便的"
interwoven,交织在一起,integrated,"成为一体的; 融合的; 集成的"
salient,"突出的; 显著的",evident,"明显的; 显而易见的"
imaginable,可想象的,conceivable,可以想象的
pervasive,"渗透的; 全面的; 普遍存在的; 无处不在的",ubiquitous,"无处不在的; 普遍存在的"
incipient,初期的,nascent,"起初的; 初期的"
fractious,脾气暴躁的,irascible,"容易生气的; 易怒的; 暴躁的"
mordant,"媒染剂; 尖刻的; 辛辣的",acerbic,"尖刻的; 尖酸的; 尖酸刻薄的"
promoter,"发起人; 推广者",champion,"冠军; 支持"
specious,"似是而非的; 貌似有理的; 伪造的; 华而不实的",deceptive,"欺骗性的; 误导性的; 欺诈的"
unexceptional,"平庸的; 普通的; 平凡的; 不例外的",commonplace,"普通的; 普遍的"
eradicate,"根除; 消灭",extirpate,"根除; 消灭"
flagging,衰弱的,languishing,"衰弱; 凋谢"
unprecedented,"空前的; 史无前例的; 前所未有的",novel,"新颖的; 新的; 小说; 新奇的"
elucidate,"阐发; 清晰的阐释; 阐明",demystify,使非神秘化
contentious,"有争议的; 引起争议的",tendentious,"有倾向性的; 倾向性的; 有偏见的"
careful,"小心的; 细致的",circumspect,"慎重的; 谨慎的; 小心的"
acrimony,"尖刻; 刻薄",bitterness,苦涩
pretext,托辞,contrivance,"发明创造; 计谋; 设计"
judicious,"明智的; 有见识的",sensible,明智的
imbued with,充满,permeated by,被...渗透
acumen,"敏锐; 聪明; 机智",adroitness,熟练
complexity,"复杂; 复杂性; 复杂度",intricacy,"错综复杂; 复杂性"
hybridity,"混血; 杂交; 混合体; 合成品",eclecticism,"折衷主义; 兼收并蓄"
abate,减弱,dissipate,"消散; 散失"
inscrutability,难以捉摸,mystery,"神秘; 神秘之事"
steadfast,"坚定的; 忠实的",staunch,坚定的
elucidation,"阐明; 解释",explication,"解释; 说明"
extravagant,"奢侈的; 过分的",excessive,"过多的; 过度的; 过量的; 过分的"
paragon,"完美无缺的; 模范",exemplar,"典范; 榜样; 模范"
nonsensical,"荒谬的; 无意义的",preposterous,"荒谬的; 可笑的"
inaccessible,"难以接近的; 难以达到的; 无法进入的",opaque,不透明的
dearth,"匮乏; 缺乏的; 吃紧",paucity,"匮乏; 缺乏; 稀缺; 不足"
obtuse,"愚钝的; 迟钝的",dull,乏味的
estimable,"值得尊敬的; 值得敬佩的; 可估计的",praiseworthy,"值得称赞的; 值得赞扬的"
insouciance,漠不关心,detachment,"分离; 客观; 超脱; 超然"
prudent,"谨慎的; 顾虑周到的; 精明的; 审慎的",circumspect,"慎重的; 谨慎的; 小心的"
stilted,"呆板的; 生硬的",wooden,"木制的; 呆板的"
saccharine,"甜蜜的; 情感过分强烈而显夸张的",sentimental,多愁善感的
sacrosanct,神圣不可侵犯的,inviolable,"不可侵犯的; 神圣不可侵犯的; 绝对不可轻视; 不可冒犯"
amalgamation,"合并; 结合",fusion,融合
unimpeachable,"无懈可击的; 无无可指摘的; 毋庸质疑的",blameless,无可指责的
outmoded,"陈旧; 过时的",unfashionable,"不流行的; 过时的"
shun,"回避; 避开",eschew,"避开; 避免"
engender,"产生; 引起",induce,引起
misgivings,"疑虑; 顾虑; 担忧",trepidation,"不安; 担忧; 恐惧; 惊恐; 恐慌"
opprobrium,"众人的责骂; 公开谴责",disdain,"蔑视; 鄙视; 轻蔑"
bolster,"支持; 支撑; 加强",buttress,"支持; 支撑"
speculative,"投机的; 推测的; 猜测的",conjectural,"推测的; 揣测的"
manifest,"显然的; 明显的; 显现的; 显而易见的; 表现出",obvious,"明显的; 显而易见的"
thorough,"彻底的; 详尽的",exhaustive,"详尽的; 彻底的; 全面的"
appropriate,"合适的; 适当的; 挪用; 占用",borrow,借
iconoclastic,"打破旧观念的; 攻击传统的; 偶像破坏者",subversive,"颠覆性的; 颠覆的"
allied,"结盟的; 联合的",conflated,"混淆; 合并"
expendable,可支配的,superfluous,多余的
artifice,"诡计; 巧计",illusion,"错觉; 幻觉"
incredible,难以置信的,improbable,"不可能的; 不太可能的"
venerating,崇敬,exalting,赞扬
qualification,"资格; 合格",nuancing,加以细致描绘
foresighted,有远见的,prescient,"有先见之明的; 有预知能力的"
saccharine,"甜蜜的; 情感过分强烈而显夸张的",cloying,令人作呕的
inhospitable to,对……不友好的,unreceptive to,对...不敏感
exotic,异国的,anomalous,"异常的; 不规则的"
discretionary,"自由裁量的; 自由决定的",optional,"可选的; 自选的"
inconclusive,"不确定的; 没有结论的; 无结果的",invalid,无效的
rudimentary,"基础的; 初级的; 基本的",elementary,"基本的; 初级的; 基础的"
sustain,"维持; 支撑",perpetuate,"延续; 使永久; 使持久; 使持续; 使永存"
ceded to,"让与; 割让给",surrendered to,向……投降
lay,"外行的; 非专业的; 放置; 产卵",avocational,业余的
lacking,缺乏,wanting,"不足; 缺乏"
expedient,权宜之计,convenient,方便的
deliberate,深思熟虑的,measured,经过仔细考虑的
abundant,"丰富的; 充足的",dominant,"占主导地位的; 显性的"
diffident,"缺乏自信的; 羞怯的",timorous,胆怯的
eschew,"避开; 避免",shun,"回避; 避开"
vehemently,"激烈地; 热烈地",emphatically,坚决地
indispensable,"不可或缺的; 必须的; 必不可少的",essential,"基本的; 必要的; 重要的; 关键的"
intelligible,"易懂的; 可理解的",readable,"易读的; 易懂的; 可读的"
exhaustive,"详尽的; 彻底的; 全面的",comprehensive,"综合的; 全面的"
confound,"混淆; 挫败; 证明...有错; 使困惑",perplex,"使迷惑; 使困惑; 使为难"
arrogant,"傲慢的; 自大的",hubristic,傲慢自大的
contentious,"有争议的; 引起争议的",fraught,"充满忧虑的; 充满; 忧虑的"
untethered from,脱离,divorced from,脱离
proliferate,"增生; 激增; 扩散",abound,"大量存在; 充满"
check,"检查; 核对; 阻止",stem,"阻止; 遏制; 由...解决; 起因于"
gradual,"逐渐的; 难以察觉的; 渐进的",imperceptible,"不易察觉的; 察觉不出的"
pedigree,"来源; 家谱; 血统",origin,"原点; 起源; 来源"
distinct,"清楚的; 独特的; 明显的; 清晰的",idiosyncratic,"特殊的; 独特的"
belie,"掩饰; 掩盖; 证明为假",contradict,"顶撞; 反驳; 与...矛盾"
truculent,好斗的,pugnacious,"好斗的; 好战的"
disdain,"蔑视; 鄙视; 轻蔑",contempt,"蔑视; 鄙视"
sole,"独一无二的; 唯一的",exclusive,"独有的; 排外的; 独家"
ancillary,"辅助的; 附属的",supplementary,"附加的; 补充的"
nuanced,"细致入微的; 微妙的; 有细微差别的",subtle,"微妙的; 难以理解的; 敏锐的; 巧妙的"
lambaste,"严厉斥责; 痛斥",excoriate,"痛斥; 责骂; 批评"
eschew,避免；避开,forswear,放弃
dampen,"减弱; 抑制; 阻尼; 削弱",impede,"阻碍; 妨碍"
prosaic,"平淡的; 平凡的; 乏味的; 平淡无奇的",pedestrian,"行人; 平淡无奇的"
spurn,"拒绝; 蔑视",rebuff,"拒绝; 回绝"
novel,"新颖的; 新的; 小说; 新奇的",unprecedented,"空前的; 史无前例的; 前所未有的"
coercive,强制的,imperious,"专横的; 傲慢的"
conspicuous,"显眼的; 显著的; 引人注目的; 明显的",prominent,"显著的; 杰出的; 重要的; 突出的"
deleterious,有害的,pernicious,"有害的; 有恶劣影响的"
paucity,"匮乏; 缺乏; 稀缺; 不足",dearth,"匮乏; 缺乏的; 吃紧"
reprehend,责备,decry,谴责
transmit,"传递; 传输",propagate,传播
wanting,"不足; 缺乏",deficient,不足的
supplant,取代,replace,替换
paucity,"匮乏; 缺乏; 稀缺; 不足",dearth,"匮乏; 缺乏的; 吃紧"
eschew,"避开; 避免",circumvent,"规避; 绕过"
insular,"狭隘的; 岛屿的; 心胸狭窄的; 与世隔绝的; 独自的",parochial,"地方观念的; 狭隘的; 教区的"
avoid,避免,eschew,"避开; 避免"
perfunctory,"敷衍的; 漫不经心的",brief,简要的
uncertain,"不确定; 不确定的",tenuous,脆弱的
insightful,"有深刻见解的; 富有洞察力的",discriminating,有辨别能力的
eschew,"避开; 避免",sidestep,"回避; 规避"
verify,"核实; 证实",corroborate,"证实; 支持"
specious,"似是而非的; 貌似有理的; 伪造的; 华而不实的",fallacious,"欺骗性的; 谬论; 谬误"
flouts,蔑视,disowns,否认与...的关系
reveal,揭示,manifest,"显然的; 明显的; 显现的; 显而易见的; 表现出"
applaud,"赞美; 鼓掌; 称赞",extoll,"赞美; 赞颂"
reinforce,"加强; 使更牢固",buttress,"支持; 支撑"
trivia,琐事,ephemera,"蜉蝣; 临时事物; 短暂的东西"
bucolic,"乡村的; 牧歌的",rustic,"乡村的; 纯朴的"
deride,"嘲笑; 揶揄; 嘲弄",scorn,轻蔑
hackneyed,陈腐的,pedestrian,"行人; 平淡无奇的"
appreciate,"欣赏; 感激",analyze,"分析; 解析"
anticipation,预期,hopefulness,"充满希望; 乐观情绪"
futility,"无用; 徒劳; 无效",pointlessness,无意义
novel,"新颖的; 新的; 小说; 新奇的",original,"原来的; 原始的; 原创的; 独创的"
concede,承认,acknowledge,承认