单词,等价词,汉语解释
abandon,shed,放弃
abate,dissipate,减弱
abet,support,教唆，协助
abiding,"enduring, stable",持久的
abjection,wretchedness,落魄，屈辱
abjuration,repudiation,放弃，誓绝
abjure,forswear,公开放弃
abrogate,nullify,废除
absolve,exculpate,免罪，赦免
abstract,"divorce, theoretical",分离，抽象
abstraction,generality,抽象概念
abstruseness,opacity,深奥难懂
abundance,ubiquity,充裕，大量
abundant,dominant,丰富的
accidental,fortuitous,意外的，偶然的
acclaim,"extol, fanfare",赞扬
accommodating,elastic,顺从的，灵活适应的
accurate,"correct, discerning",精确的
acerbic,harsh,尖刻的
acknowledge,presuppose,承认
acme,apogee,顶点，顶峰
acrimonious,vitriolic,尖刻的
acrimony,"bitterness, rancor",尖刻，仇恨
acumen,adroitness,敏锐，精明
acute,penetrating,敏锐的，急性的
adaptable,"flexible, plastic",具适应性的，灵活的
additive,cumulative,附加的，累加的
admiration,regard,钦佩，赞赏
admonishment,scolding,告诫，训诫
adroitness,acumen,熟练，敏捷
adulator,sycophant,谄媚者
advancement,flowering,进步，推进
advantage,benefit,优势，利益
advantageous,expedient,有利的
adverse,inimical,不利的，有害的
advocate,"apologist, proponent",拥护，支持
affected,susceptible,受影响的，做作的
agreeable,excellent,令人愉悦的，适合的
ahistorical,anachronistic,脱离历史的，时代错误的
aid,favor,帮助，援助
alarming,disturbing,令人担忧的，惊人的
allay,palliate,平息，减轻
allied,connected,同盟的，相关的
allure,"attraction, magic",吸引力，诱惑
alluring,promising,诱人的
alter,modify,改变
alterable,mutable,可改变的
altruism,benevolence,利他主义
altruistic,unselfish,利他的，无私的
amalgamation,fusion,融合，合并
ambiguous,enigmatic,模棱两可的
amorphous,"diffuse, nebulous",无定形的，模糊的
amplify,strengthen,放大，增强
anachronistic,ahistorical,时代错误的，过时的
ancillary,subsidiary,辅助的，补充的
animating,inspirational,使有生气的，激励的
annalist,chronicler,编年史编者
annoying,unwelcome,令人恼火的
anodyne,toothless,平淡无奇的，止痛的
anomalous,"exceptional, exotic, singular, unusual",异常的
antagonism,hostility,敌意，对抗
antagonistic,"competing, opposed",敌对的
antecedent,"precedent, precursor",前情，先例
antic,caper,滑稽古怪的
anticipate,precede,预期，先于…发生
anticipation,hopefulness,期盼，预料
antidote,"corrective, respite",解毒剂，矫正方法
antipathetic,inconsistent,反感的，格格不入的
apathy,"indifference, unconcern",冷漠
aphorism,dictum,格言，警句
apogee,acme,最高点，顶峰
apologist,advocate,辩护者
apprehensive,uneasy,忧虑的
appropriate,suitable,恰当的，挪用
appropriation,pilferage,挪用，盗用
apropos,germane,适宜的，相关的
apt,liable,恰当的，易于…的
arbitrary,"gratuitous, haphazard, random",武断的，随意的
arcane,occult,神秘晦涩的
archaic,fusty,古老的，陈旧的
architecture,form,结构，建构
arduous,onerous,费力的，艰巨的
artificial,"contrived, misleading",人工的，虚假的
aspiration,intention,志向，抱负
assert,insist,断言，宣称
assiduous,diligent,勤勉的
assiduousness,industry,勤奋，刻苦
assured,settled,确定的，自信的
astounding,stunning,令人震惊的
astute,perceptive,精明的，敏锐的
attenuate,diminish,减弱，稀释
attraction,"allure, benefit",吸引力
atypical,"exceptional, idiosyncratic",非典型的
augment,supplement,增加，扩大
automatically,mechanistically,自动地，机械地
autonomy,independence,自治，自主
average,undistinguished,普通的，平庸的
avocational,lay,业余的
avoid,"eschew, sidestep",避免
awareness,insight,意识，认识
baffle,flummox,使困惑
ban,disallow,禁止
banal,"insipid, lackluster",陈腐平庸的
bankruptcy,exhaustion,破产，耗尽
barefaced,brazen,厚颜无耻的，公然的
base,vile,卑鄙的
baseless,invalid,无根据的
basic,crude,基本的，粗糙的
be inclined to,be keen on,倾向于
be keen on,be inclined to,热衷于，喜爱
belittling,derogatory,贬低的
belligerence,"pugnacity, truculence",好斗，好战
bemoan,disparage,抱怨，哀叹
benefit,"advantage, attraction",利益，好处
benevolence,"altruism, magnanimity",仁慈，善行
betray,evince,背叛，显露
bitterness,acrimony,怨恨，辛酸
bland,vapid,平淡无奇的
blatant,"conspicuous, shameless",公然的，明目张胆的
bound,circumscribed,受限的
bountiful,fertile,丰富的，慷慨的
brake,check,刹车，阻碍
brazen,barefaced,厚颜无耻的
brief,perfunctory,简短的
broach,propose,提出，开启探讨
bromide,platitude,陈词滥调
bucolic,rustic,田园的，乡村的
buoy,sustain,支持，鼓励
buttress,reinforce,支持，加固
byproduct,progeny,副产品
calamitous,destructive,灾难性的
calculated,contrived,蓄意的，深思熟虑的
callowness,naïveté,不成熟，青涩
calm,quiescence,平静的
calumnious,defamatory,诽谤的
canard,fabrication,虚假谣言
caper,antic,雀跃，雀跃嬉戏
capricious,inconstant,反复无常的
capriciousness,"fickleness, volatility",反复无常
careful,judicious,小心的，审慎的
careless,impetuous,粗心的，草率的
cause,trigger,引起，导致
caustic,stinging,尖刻的，腐蚀性的
cede,"leave, surrender",割让，让出
censor,suppress,审查，删改
censure,lambast,谴责，斥责
cerebral,dispassionate,理性的，大脑的
certainty,confidence,确定性
challenge,"flout, obstacle",质疑，挑战
champion,promoter,支持，倡导者
characteristic,"emblematic, unique",典型的，特征
charitable,forbearing,宽容的，慈善的
chasten,humble,惩戒，使收敛
check,"brake, curb",抑制，阻止
chicanery,subterfuge,诡计，欺诈
chimerical,fanciful,空想的，荒诞的
choleric,irascible,易怒的
chronicler,annalist,编年史记录者
churlish,ungracious,无礼粗鲁的
circuitous,meandering,迂回曲折的
circumscribe,demarcate,限制，约束
circumscribed,bound,受限制的
circumspect,precise,谨慎小心的
clarity,lucidity,清晰，明了
clear,lucid,清晰的
clever,smart,聪明的
cloying,saccharine,甜腻的，令人腻烦的
coalesce around,rally behind,团结在…周围
codify,formalize,编纂，使系统化
coercive,imperious,强迫的，强制的
collapse,dwindle,崩溃，暴跌
colossal,prodigious,巨大的
combative,contentious,好斗的
commensurate,tantamount,相当的，相称的
commonplace,prosaic,司空见惯的
compatible,consistent,兼容的，一致的
compel,drive,强迫，驱使
competing,antagonistic,竞争的，相互冲突的
complaisant,tractable,顺从的，讨好的
complement,reinforce,补充，补足
complex,"conflicted, heterogeneous, nuanced",复杂的
complexity,intricacy,复杂性
complicated,involved,复杂的
composure,imperturbability,镇静，沉着
comprehend,fathom,理解，包含
conceivable,imaginable,可想象的
conceptual,theoretical,概念上的
concision,"economy, pithiness",简洁
conditional,provisional,有条件的
conducive,"essential, unfavorable",有助的，有益的
confidence,certainty,信心，确信
confirm,corroborate,证实，确认
conflicted,complex,冲突的，矛盾的
conflicting,incompatible,相冲突的
confound,stymie,使困惑，混淆
conjectural,speculative,推测的
connected,allied,相关的，连接的
consequence,result,后果，重要性
consequential,distinguished,重要的，随之发生的
considerable,significant,相当大的，重要的
consideration,deliberation,深思，考虑
consistent,"compatible, regular",一致的，始终如一的
conspicuous,blatant,显眼的，引人注目的
constant,invariable,恒定的，持续的
construct,engender,构建，创造
contemporary,topical,当代的，同时代的
contemptuous,supercilious,蔑视的
contentious,"combative, fraught, tendentious",有争议的，好争论的
contest,dispute,质疑，争辩
contingent,"relative, uncertain",依情况而定的
continuity,persistence,连续性
continuous,unremitting,连续的
contradict,gainsay,反驳，与…相矛盾
contravene,gainsay,触犯，违反
contrivance,invention,发明，计谋
contrive,devise,设计，谋划
contrived,"artificial, calculated",做作的，不自然的
controversial,"polarizing, provocative",有争议的
convenient,expedient,方便的，适宜的
conventional,"mainstream, normative",传统的，常规的
convey,impart,传达，表达
cooperatively,harmoniously,合作地
copious,superabundant,丰富的，大量的
correct,accurate,正确的
corrective,antidote,矫正的，对策
corroborate,"confirm, verify",证实，确证
corrupt,debase,腐化，堕落的
counterbalance,offset,抵消，抗衡
courageous,plucky,勇敢的
court,woo,招致，献殷勤
covert,furtive,隐蔽的，秘密的
cowardly,craven,胆怯的
craft,cunning,狡诈，技艺
craven,"cowardly, timorous",懦弱胆小的
credulity,naïveté,轻信
credulous,"gullible, trusting",轻信的
crooked,venal,不诚实的，弯曲的
crude,basic,粗糙的，天然的
cryptic,"enigmatic, inscrutable",神秘晦涩的
cumulative,additive,累积的
cunning,craft,狡猾的，精巧的
curb,check,抑制，控制
curious,peculiar,好奇的，古怪的
curtail,diminish,缩减，削减
cynical,jaded,愤世嫉俗的，怀疑的
dampen,"impede, palliate",抑制，弄湿
darkening,dimming,变暗，变模糊
deadlock,protract,僵局，停滞
debase,corrupt,贬低，贬值
deceptive,specious,欺骗性的
decisive,marked,决定性的，果断的
decline,deteriorate,衰退，婉拒
decry,"disparage, reprehend",谴责，斥责
defamatory,calumnious,诽谤的
defender,partisan,支持者，防御者
deficiency,inadequacy,缺乏，不足
deficient,wanting,匮乏的，欠缺的
defray,pay,支付，结算
deliberation,consideration,深思熟虑
demarcate,circumscribe,划定界限
demarcation,lines,界线，划分
demystification,elucidation,去神秘化，阐明
demystify,elucidate,使非神秘化，澄清
denunciation,indictment,公开谴责
dependent,undergirded,依赖的，从属的
deprecation,trivialization,轻视，贬低
deride,"lambast, scorn",嘲弄，嘲笑
derive,stem,源于，获得
derogatory,belittling,贬损的
desiccated,parched,干燥的，枯燥的
destitute,impecunious,贫困的，缺乏的
destructive,calamitous,破坏性的
deteriorate,decline,恶化，退化
determination,"resolution, resolve",决心，测定
deviate,disregard,偏离，脱离
devise,contrive,设计，发明
diagnostic,revealing,诊断的，特征性的
dictum,aphorism,格言，宣言
didactic,moralizing,说教的
differentiated,stratified,分化的，有差异的
difficult,enigmatic,困难的，费解的
diffuse,"amorphous, scattered, unfocused",扩散的，冗长的
digression,tangent,离题
diligent,assiduous,勤奋的
dilute,weaken,稀释，削弱
diminish,"attenuate, curtail, undermine",减少，贬低
dimming,darkening,变暗，逐渐暗淡
disagreement,divergence,意见不一，分歧
disallow,"ban, proscribe",禁止，驳回
disavow,renounce,否认，宣布放弃
disbelieve,doubt,不信，怀疑
discard,shelve,丢弃，抛弃
discerning,"accurate, perceptive, selective, sensitive",有洞察力的，敏锐的
discernment,perspicacity,洞察力，辨别力
discord,tension,不和，争执
discrete,"isolated, separate",分离独立的
discretionary,modest,自由决定的，自主的
discriminating,judicious,有辨别力的
disdain,scorn,蔑视，鄙视
disentangle,sunder,理顺，解脱
dishonest,unscrupulous,不诚实的
disinformation,mendacity,假消息，虚假信息
dismiss,"disparage, dispel",驳回，不予考虑
dismissive,scornful,轻蔑的，不屑一顾的
disown,flout,否认，断绝关系
disparage,"bemoan, decry, dismiss, scorn",贬低，轻蔑
disparate,"divergent, inconsonant",截然不同的
disparateness,heterogeneity,差异，不同
disparity,"imbalance, variance",差距，不平等
dispassionate,cerebral,客观冷静的
dispel,dismiss,驱散，消除
displace,supplant,取代，迫使离开
disposed,eager,有倾向的
disposition,proclivity,性格，倾向
dispute,"contest, gainsay",争议，争执
disregard,deviate,无视，漠视
disruption,perturbation,中断，混乱
dissembling,mendacity,掩饰，虚伪
dissimilar,divergent,不同的
dissipate,abate,消散，挥霍
dissonant,incongruent,不和谐的，不一致的
distill,extract,提炼，蒸馏
distinguished,consequential,卓越的，著名的
distortion,noise,扭曲，失真
distracting,diverting,令人分心的
distraction,diversion,分心，消遣
distrust,question,不信任，怀疑
disturbing,alarming,令人不安的
divergence,disagreement,分歧，差异
divergent,"disparate, dissimilar",分歧的，不同的
diverse,manifold,多样化的
diversion,distraction,消遣，转移
diversity,variety,多样性
diverting,distracting,有趣的，消遣的
divest,strip,剥夺，摆脱
divorce,abstract,使分离，断绝
doggedness,tenacity,顽强，坚毅
dogmatic,orthodox,教条主义的，武断的
dominant,abundant,占主导的，优势的
doubt,"disbelieve, reservation",怀疑
downplay,unexplored,轻描淡写，低估
dramatic,striking,戏剧性的，引人注目的
drive,compel,驱使，动力
dubious,"skeptical, unwarranted",怀疑的，可疑的
dwindle,collapse,减少，缩小
eager,disposed,渴望的，热切的
early,precocious,早期的，早熟的
earnestness,sincerity,真诚，认真
eclectic,"heterogeneous, miscellaneous, wide-ranging",多元的，兼收并蓄的
eclecticism,hybridity,折中主义，多元融合
economy,"concision, parsimony",节约，精炼
ecstatic,euphoric,狂喜的
efficacy,"sufficiency, usefulness",功效，效力
effusive,fulsome,热情洋溢的
egg on,encourage,煽动，鼓动
elastic,accommodating,有弹性的，灵活的
elated,thrilled,兴高采烈的
elegiac,mournful,哀悼的，挽歌的
elegy,requiem,挽歌，哀歌
elevated,lofty,高尚的，崇高的
eliminate,foreclose,消除，淘汰
elision,"lacuna, omission",省略，删减
elucidate,demystify,阐明，解释
elucidation,"demystification, explication",阐明，解释
elusive,unattainable,难懂的，难以捉摸的
emancipatory,liberating,解放的
emblematic,characteristic,象征的，代表性的
embrace,esteem,欣然接受，拥抱
embryonic,undeveloped,萌芽阶段的，初期的
eminence,stature,杰出，显赫
encourage,"egg on, foster",鼓励，促进
encyclopedic,polymathic,博学的，渊博的
enduring,abiding,持久的
engagement,involvement,参与，投入
engender,"construct, inaugurate",产生，引起
enigmatic,"ambiguous, cryptic, difficult, inscrutable, mysterious",神秘的，难以捉摸的
enjoin,proscribe,命令，禁止
enmity,hostility,敌意，仇恨
entice,placate,诱惑，诱使
entreaty,supplication,恳求，乞求
ephemera,trivia,短命之物，短暂事物
epitomize,personify,作为典范，概括
equalizing,leveling,平等化，使均衡
equivocation,vacillation,模棱两可，含糊其辞
erratic,unpredictable,不稳定无常的
eschew,"avoid, forswear",避开，戒绝
essential,conducive,至关重要的，本质的
esteem,embrace,尊敬，珍重
estimable,praiseworthy,值得尊敬的
euphoria,jubilation,狂喜，极度兴奋
euphoric,ecstatic,欣快狂喜的
evenhandedness,impartiality,公平，不偏不倚
evident,salient,明显的
evince,"betray, testify",表明，显露
exacerbate,worsen,使恶化，加重
exacting,"proscriptive, punctilious, stringent",严格苛刻的
exaction,rapacity,强求，勒索
exaggerate,"overestimate, overplay",夸大，夸张
exaggerated,hyperbolic,夸张的
exalt,venerate,赞美，提高
exasperating,frustrating,令人极度恼火的
excellent,agreeable,优秀的
exceptional,"anomalous, atypical",异常的，杰出的
exceptionless,uniform,无一例外的
excess,surfeit,过量，过度
excessive,extravagant,过度的
exclude,obviate,排除，排斥
excoriate,lambast,严厉指责
exculpate,absolve,开脱罪责
exemplar,"illustration, paragon",榜样，典范
exhaustion,bankruptcy,筋疲力尽，耗尽
exhaustive,thorough,详尽全面的
exotic,anomalous,异国风情的，外来的
expansive,forthcoming,健谈的，广阔的
expedient,"advantageous, convenient",权宜的，有利的
expendable,superfluous,可牺牲的，非必需的
experimental,unorthodox,实验性的，创新的
explication,elucidation,阐释，说明
explicit,unambiguous,直截了当的，明确的
exploit,utilize,利用，开发
expostulate,remonstrate,规劝，抗议
extempore,offhand,即兴的
extensive,wide-ranging,广阔的，广泛的
extol,acclaim,赞扬，推崇
extract,"distill, ferret out",提取，提炼
extraneous,peripheral,无关的，外来的
extrapolate,project,推断，外推
extrapolation,projection,推论，外推法
extravagant,"excessive, overstated, sensational",奢侈的，过度的
fabrication,canard,编造，捏造
fabulous,legendary,极好的，传说的
fade,wane,褪色，衰退
faithful,rigorous,忠实的，准确的
fallacious,specious,谬误的
false,feigned,虚假的
familiar,recognizable,熟悉的
fanciful,chimerical,空想的，不切实际的
fanfare,acclaim,夸耀，大张旗鼓
fastidious,finicky,挑剔苛求的
fathom,comprehend,彻底理解
faultlessness,perfection,完美无瑕
favor,aid,喜爱，偏袒，帮助
favorable,propitious,有利的，赞许的
favored,privileged,受优待的
feasible,tenable,可行的
fecund,fertile,多产的，肥沃的
feigned,false,假装的
ferret out,extract,搜寻出，查明
fertile,"bountiful, fecund",多产的，肥沃的
fickleness,"capriciousness, unpredictability",变化无常
fiction,invention,虚构，谎言
finicky,fastidious,过分挑剔的
fixed,immutable,固定的
flag,languish,衰退，变弱
flawed,untenable,有缺陷的
fledgling,nascent,幼鸟，新生的
flexible,adaptable,灵活的，有弹性的
flout,"challenge, disown",公然蔑视，无视
flowering,advancement,繁荣，盛期
fluid,mutable,流动的，易变的
fluidity,mutability,流动性，变动性
flummox,baffle,使困惑
foolhardy,imprudent,鲁莽的，蛮干的
forbearing,charitable,宽容忍耐的
foreclose,eliminate,预先阻止，排除
foresighted,prescient,有先见之明的
form,architecture,形式，结构
formalize,codify,使正式化，定型
forswear,"abjure, eschew",宣誓放弃
forthcoming,expansive,坦诚的，即将到来的
fortuitous,"accidental, inadvertent, serendipitous",偶然幸运的
foster,encourage,培养，促进
fractious,irascible,易怒的，难管教的
fragility,impermanence,脆弱
fragmentary,piecemeal,支离破碎的
fraught,contentious,充满…的，令人忧虑的
free,unconstrained,自由的，不受约束的
freewheeling,independent,随心所欲的，自由放任的
fresh,novel,新颖的
frugal,"parsimonious, stinting",节俭的
frugality,thrift,节俭
fruitless,futile,徒劳的，无成果的
frustrate,"preclude, thwart",挫败，阻挠
frustrating,exasperating,令人沮丧的
fulsome,effusive,过分谄媚的，过多的
functional,serviceable,实用的，起作用的
furnish,provide,提供
furtive,covert,鬼鬼祟祟的，秘密的
fusion,"amalgamation,",融合，结合
fusty,archaic,陈腐过时的
futile,fruitless,无用的，徒劳的
futility,pointlessness,无用，徒劳
gainsay,"contradict, contravene, dispute",否认，反驳
gauge,indicator,评估，衡量
generality,abstraction,概要，普遍性
generosity,magnanimity,慷慨，宽宏大量
generous,"magnanimous, unstinting",慷慨的，大方的
genius,talent,天才，天赋
germ,seed,萌芽，发端
germane,apropos,密切相关的
go beyond,transcend,超越
gratified,upbeat,感到满足的
gratuitous,arbitrary,无根据的，不必要的
great,profound,伟大的，巨大的
gregarious,social,爱交际的，群居的
gullible,credulous,易受骗的
guzzle,swill,狂饮，暴饮
haphazard,arbitrary,随意的，无计划的
haphazardly,indiscriminately,随意地，胡乱地
harangue,rant,高谈阔论，长篇斥责
harden,"ossify, solidify",硬化，使变坚强
hardly,scarcely,几乎不
harmoniously,cooperatively,和谐地
harsh,acerbic,严厉的，刺耳的
healthy,robust,健康的，强健的
hedonistic,sybaritic,享乐主义的
heterogeneity,disparateness,异质性，多样性
heterogeneous,"complex, eclectic",多元多样的，混杂的
hidebound,illiberal,死板保守的
highlight,underscore,强调，突出
hindrance,obstacle,阻碍，障碍
histrionic,theatrical,戏剧化的，做作的
hodgepodge,pastiche,大杂烩，混杂物
homegrown,indigenous,本土的，土生土长的
homogeneity,uniformity,同质性
homogeneous,uniform,同质的
homogenous,uniform,同质的
hopefulness,anticipation,怀有希望
hostile,inhospitable,敌对的
hostility,"antagonism, enmity",敌意
humble,"chasten, plebeian",谦逊的，地位低下的
hybridity,eclecticism,杂交，混合性
hyperbolic,exaggerated,夸张的
hypocrisy,phoniness,虚伪
iconoclasm,unorthodoxy,打破旧习，反传统
iconoclastic,"subversive, unorthodox",打破传统反教条的
idealization,romanticization,理想化
idiosyncratic,atypical,特立独行的，特殊的
ill-advised,injudicious,不明智的
illiberal,hidebound,心胸狭隘的，偏狭的
illusory,misleading,虚幻的，假象的
illustration,exemplar,例证，图解
imaginable,conceivable,可想象的
imbalance,disparity,不平衡
imbued,permeated,灌输的，充满的
immanent,intrinsic,内在固有的
immaterial,irrelevant,不重要的，非物质的
immediacy,topicality,即时性，直观性
immoderation,profligacy,过度，无节制
immutable,"fixed, static",不可变的
impact,influence,影响，冲击
impart,convey,传授，给予
impartial,objective,公正客观的
impartiality,evenhandedness,公正，公平
impecunious,destitute,身无分文的，贫穷的
impede,dampen,阻碍
imperceptible,trivial,难以察觉的
imperious,coercive,专横跋扈的
impermanence,fragility,短暂，无常
impermanent,reversible,非永久的，短暂的
imperturbability,composure,沉着冷静
impetuous,careless,冲动的，鲁莽的
implacable,relentless,无法平息的，坚决的
impolitic,tactless,不明智的，失策的
important,significant,重要的
impossible,unattainable,不可能的
impoverished,infertile,贫困贫瘠的
impracticable,pointless,行不通的
imprecise,inexact,不精确的
improbable,"incredible, tenuous, unlikely",不大可能的
imprudent,foolhardy,轻率不明智的
inadequacy,deficiency,不足，不胜任
inadequate,scarce,不充分的
inadvertent,fortuitous,非故意的，疏忽的
inaugurate,engender,开创，使就职
inchoate,incipient,刚开始的，未完全成形的
incidental,peripheral,附带的，次要的
incipient,"inchoate, nascent",早期的，刚出现的
incompatible,"conflicting, opposed",不兼容的，冲突的
incompetence,ineptitude,无能
incongruent,dissonant,不一致的
inconsistent,antipathetic,不一致的，矛盾的
inconsonant,disparate,不和谐的，不一致的
inconstant,"capricious, variable",多变的，无常的
incontrovertible,indisputable,无可辩驳的
incorrigible,recalcitrant,无可救药的，屡教不改的
incredible,improbable,难以置信的
indefatigable,unflagging,不知疲倦的
indefensible,untenable,站不住脚的，不可辩护的
independence,autonomy,独立
independent,freewheeling,独立的
index,measure,指标，索引
indicator,gauge,指标，标志
indictment,denunciation,谴责，控告
indifference,apathy,冷漠
indigenous,homegrown,本土的，原产的
indiscreet,injudicious,不慎重的，轻率的
indiscriminately,haphazardly,不加区分地
indispensable,vital,不可或缺的
indisputable,incontrovertible,无可置疑的
indolent,lethargic,懒惰的
industry,assiduousness,勤勉，工业
ineluctable,"inevitable, requisite",不可避免的
inept,unequal,笨拙无能的
ineptitude,"incompetence, maladroitness",无能，笨拙
inertia,stasis,惯性，惰性
inessential,trivial,非本质的，无关紧要的
inevitable,"ineluctable, unavoidable",必然的，不可避免的
inexact,imprecise,不精准的
inextricable,intrinsic,分不开的，纠缠不清的
infamy,opprobrium,声名狼藉
inferiority,weakness,劣势，自卑
infertile,impoverished,不育的，贫瘠的
inflated,overblown,夸大的，通胀的
influence,"impact, inform, mediate",影响
inform,influence,通知，影响，赋予特色
ingenuous,simple,天真纯朴的
inhospitable,"hostile, unreceptive",不适宜居住的，不好客的
inimical,adverse,有害的，敌对的
injudicious,"ill-advised, indiscreet",不明智的
innate,intuitive,天生的，固有的
innovation,"novelty, originality",创新
innovative,original,创新的
insalubrious,noxious,有害健康的
insatiability,voraciousness,贪得无厌
inscrutable,"cryptic, enigmatic",难以理解的
insight,awareness,洞察力
insightful,sagacious,有深刻见解的
insignificant,trivial,微不足道的
insipid,"banal, vapid",枯燥乏味的
insist,assert,坚持
inspirational,animating,鼓舞人心的
instability,uncertainty,不稳定
instrument,vehicle,手段，工具
insular,parochial,心胸狭隘的，孤立的
integrated,interwoven,综合整合的
integrity,probity,正直，完整
intelligibility,"lucidity, perspicuity, simplicity",易懂，明晰
intelligible,lucid,可理解的，明白易懂的
intensify,magnify,加剧，增强
intention,aspiration,意图
interwoven,integrated,交织的
intractable,"recalcitrant, uncontrollable",棘手的，难管教的
intrepid,valiant,无畏勇敢的
intricacy,complexity,错综复杂
intrinsic,"immanent, inextricable",内在固有的
intuitive,innate,直觉的
invalid,baseless,无效的，无根据的
invariable,constant,不变的
invariant,static,恒定不变的
invention,"contrivance, fiction",发明，虚构
invigorating,refreshing,使人精力充沛的
inviolable,sacrosanct,不可侵犯的
involved,complicated,复杂的，有牵连的
involvement,engagement,参与，介入
irascible,"choleric, fractious",易怒的
irascibly,pugnaciously,易怒地
irony,paradox,讽刺
irrelevant,immaterial,不相关的
isolated,,孤立的，隔离的
jaded,cynical,厌倦的，疲惫的
jubilation,euphoria,欢欣，狂喜
judicious,"careful, discriminating, sensible",审慎明智的
justify,rationalize,证明…正当，辩解
lack,want,缺乏
lackluster,banal,平庸黯淡的
laconic,spare,言简意赅的
lacuna,elision,空白，空缺
lambast,"censure, deride, excoriate",痛斥，严责
languish,flag,衰弱，凋零
latitude,leeway,自由度，纬度
lay,avocational,外行的，世俗的
leave,cede,离开，委托
leeway,latitude,回旋余地
legendary,fabulous,传奇的
lethargic,indolent,没精打采的，昏睡的
lethargy,somnolence,无精打采，昏睡
leveling,equalizing,使平等，夷平
liable,apt,易于…的，有责任的
liberating,emancipatory,解放性的
lineage,pedigree,血统，世系
linear,straightforward,线性的，直接的
lines,demarcation,边界，界线
little,scant,很少的
living,unfolding,生动的，活着的
lofty,elevated,崇高的，高耸的
loose,tenuous,松散的，不精确的
lucid,"clear, intelligible, transparent",清晰易懂的
lucidity,"clarity, intelligibility",清晰明了
magic,allure,魔力，魅力
magnanimity,"benevolence, generosity",宽宏大量
magnanimous,generous,宽宏大量的
magnify,intensify,放大，夸大
mainstream,conventional,主流的
make out,recognize,辨认出，理解
maladroitness,ineptitude,笨拙
malleable,"pliable, soft",可塑的，易受影响的
manacle,rein in,束缚，限制
manifold,diverse,多样的
marginal,slight,边缘的，微小的
maritime,nautical,海事的，海洋的
marked,decisive,显著的
massive,monolithic,巨大的
mastery,virtuosity,精通，掌控
match,parallel,相配，匹敌
maturity,precociousness,成熟
meandering,circuitous,曲折蜿蜒的
measure,index,量度，衡量
mechanistically,automatically,机械地
mediate,influence,调解，影响
mediating,transitional,起中介作用的
mendacity,"disinformation, dissembling, prevarication",虚假，谎言
meticulous,scrupulous,谨小慎微的，严谨的
minimal,trivial,极小的，极少的
miscellaneous,"eclectic, random",各类杂攒的，混杂的
misguided,unwise,被误导的，不明智的
misleading,"artificial, illusory",具误导性的
mitigate,relieve,缓解，缓和
moderate,temper,温和的，节制
moderation,restraint,适度，温和
modest,"discretionary, slight, unremarkable",谦虚的，适度的
modification,revision,修改，修饰
modify,alter,修改
monolithic,massive,庞大单一的
moralizing,didactic,说教的
mournful,elegiac,哀伤的
multitudinous,myriad,大量的
murky,obscure,阴暗模糊的
mutability,fluidity,易变性
mutable,"alterable, fluid",可变的，易变的
myriad,multitudinous,无数的
mysterious,enigmatic,神秘的
narrow,"parochial, simplistic",狭隘的，变窄
nascent,"fledgling, incipient",初期的，刚萌芽的
nautical,maritime,航海的
naïve,unsophisticated,天真的，幼稚的
naïveté,"callowness, credulity",天真，幼稚
nebulous,amorphous,朦胧模糊的
neglect,"shirk, slight",忽视，疏忽
noise,distortion,噪音，干扰信息
normative,conventional,规范的，标准的
novel,"fresh, recent",新颖的
novelty,innovation,新奇
noxious,insalubrious,有害有毒的
nuanced,"complex, subtle",有细微差别的
nuancing,qualification,细微差别处理
nullify,"abrogate, vitiate",使无效，废除
objective,impartial,客观的
oblique,veiled,倾斜的，间接拐弯抹角的
obloquy,vitriol,谩骂，耻辱
obscure,"murky, unknown",晦涩费解的，鲜为人知的
obsession,preoccupation,痴迷，着魔
obstacle,"challenge, hindrance",障碍
obviate,exclude,消除，使不再需要
obvious,"patent, unprecedented",明显的
occult,arcane,神秘隐秘的
offhand,extempore,脱口而出的，即兴的
offset,counterbalance,抵消，补偿
ominous,portentous,不祥的
omission,elision,遗漏，省略
onerous,"arduous, wearisome",繁重艰巨的
opacity,abstruseness,晦涩，不透明
opportunism,self-interest,机会主义
opposed,"antagonistic, incompatible",反对的，敌对的
opprobrium,infamy,谴责，耻辱
origin,pedigree,起源
original,innovative,原创的，原先的
originality,innovation,独创性
orthodox,dogmatic,正统的
ossify,harden,僵化，骨化
outmoded,retrograde,过时的
outstrip,surpass,超过，胜过
overblown,inflated,夸张过头的
overestimate,exaggerate,高估
overplay,exaggerate,夸大
overstated,extravagant,夸大的
overused,trite,过度使用的，陈腐的
palliate,"allay, dampen",缓解，减轻
palpable,salient,可感知的，明显的
paradox,irony,悖论，矛盾
paragon,exemplar,模范，典范
parallel,match,匹敌，相似
parched,desiccated,干涸焦渴的
parochial,"insular, narrow",狭隘的，教区的
parsimonious,frugal,吝啬的，极度节俭的
parsimony,economy,吝啬，过度节约
partiality,predilection,偏爱，偏袒
partisan,"defender, sectarian",党派支持者，盲从偏袒的
partition,segment,分割，划分
pastiche,hodgepodge,东拼西凑的模仿作，大杂烩
patent,obvious,显而易见的
paucity,shortage,匮乏，缺少
pay,defray,支付
peculiar,curious,特有的，古怪的
pedestrian,prosaic,平淡无奇的
pedigree,"lineage, origin",门第，谱系
peevish,querulous,易怒暴躁的
penetrating,acute,敏锐深刻的
perceptive,"astute, discerning",敏锐洞察的
perfection,faultlessness,完美
perfunctorily,superficially,敷衍地
perfunctory,"brief, superficial",敷衍了事的
peripheral,"extraneous, incidental",外围次要的
permeated,imbued,充满弥漫的
perpetuate,sustain,使永存，使持续
persevere,persist,坚持不懈
persist,persevere,坚持，持续
persistence,"continuity, stability, survival",坚持，持续存在
persistent,relentless,持续不断的，执着的
personify,epitomize,拟人化，体现
perspicacity,discernment,敏锐洞察力
perspicuity,intelligibility,清晰易懂
perturbation,disruption,扰动，不安
pervasive,ubiquitous,普遍存在的，蔓延的
pervasiveness,ubiquity,无处不在
phoniness,hypocrisy,虚伪，造作
piecemeal,fragmentary,零碎的，断断续续的
pilferage,appropriation,小偷小摸，盗窃
pillory,vilify,当众抨击，公开嘲弄
pithiness,concision,简练精辟
placate,entice,平息，安抚
plastic,"adaptable, pliable",具可塑性的，灵活的
platitude,bromide,陈词滥调
plebeian,humble,平民的，粗俗的
plethora,profusion,过量，过剩
pliable,"malleable, plastic",易弯曲的，顺从的
plucky,courageous,勇敢果断的
pointless,impracticable,无意义的
pointlessness,futility,毫无意义
poisonous,toxic,有毒的
polarizing,controversial,两极分化的
polymathic,encyclopedic,博学的
portentous,ominous,凶兆的，自命不凡的
pragmatic,utilitarian,务实的
praiseworthy,estimable,值得称赞的
precarious,"risky, uncertain",不稳定的，危险的
precede,anticipate,先于…发生
precedent,antecedent,先例
precise,circumspect,精确严谨的
preclude,frustrate,排除，妨碍
precocious,early,早熟的
precociousness,,早熟
precursor,antecedent,先驱，前身
predation,rapacity,捕食，掠夺
predilection,partiality,偏好，嗜好
prejudicial,tendentious,有害的，有偏见的
preoccupation,obsession,全神贯注，心事
prescient,foresighted,有预知能力的
presuppose,acknowledge,预先假定
preternatural,prodigious,超乎寻常的
prevalent,ubiquitous,盛行的，普遍的
prevarication,mendacity,支吾其词，说谎
pristine,"undisturbed, untouched",原始纯净的
privileged,favored,享有特权的
probity,integrity,正直廉洁
proclivity,disposition,倾向，癖好
prodigious,"colossal, preternatural",庞大的，惊人的
profligacy,immoderation,挥霍，放荡
profound,great,深奥深刻的
profuse,unstinting,极丰富的，充沛的
profusion,plethora,丰富，大量
progeny,byproduct,后代，派生事物
project,extrapolate,预测，外推
projection,extrapolation,推测，规划
prominence,salience,显著，突出
promising,"alluring, viable",有希望的，有前途的
promoter,champion,倡导者，促进者
pronounced,striking,显著明确的
propagate,"spread, transmit",繁殖，传播
propitious,favorable,吉利的，有利的
proponent,advocate,支持者，拥护者
propose,broach,提出，建议
prosaic,"commonplace, pedestrian, quotidian",单调乏味的，平淡的
proscribe,"disallow, enjoin",禁止，排斥
proscriptive,exacting,限制性的，严格的
protest,remonstrate,抗议，反对
protract,deadlock,延长，拖延
provide,furnish,提供
provisional,conditional,临时的，暂定的
provocative,controversial,挑衅煽动的，激起争论的
prudent,sound,审慎的
pugnaciously,irascibly,好斗地
pugnacity,belligerence,好斗，好勇斗狠
punctilious,exacting,一丝不苟的
pure,unalloyed,纯粹的
purveyor,supplier,供应商，传播者
qualification,nuancing,限制，修饰条件
querulous,peevish,抱怨发牢骚的
question,distrust,质疑
quiescence,calm,静止，沉寂
quirky,unconventional,古怪独特的
quixotic,unrealistic,不切实际的，狂想的
quotidian,"prosaic, workaday",平凡日常的
rally behind,coalesce around,团结支持
rancor,acrimony,深仇积怨
random,"arbitrary, miscellaneous, unpredictable",随意的，随机的
ransack,scour,洗劫，彻底搜查
rant,harangue,咆哮，痛斥
rapacity,"exaction, predation",贪婪，掠夺
rationalize,justify,为…辩解，使合理化
rebuff,spurn,生硬回绝
rebuke,reprimand,指责，严责
recalcitrant,"incorrigible, intractable, restive",顽抗不服从的
recent,novel,近来的
reclusive,solitary,隐居独处的
recognizable,familiar,可辨认的
recognize,make out,认出，认可
refreshing,invigorating,使人清爽的，新颖的
regard,admiration,尊重，关注
regular,consistent,有规律的，常规的
rein in,manacle,勒紧缰绳，严格控制
reinforce,"buttress, complement",加强，加固
relative,contingent,相对的，依…而定的
relentless,"implacable, persistent",持续不懈的，无情的
relieve,mitigate,缓解，减轻
remonstrate,"expostulate, protest",抗议，劝诫
render,reproduce,呈现，致使
renounce,disavow,声明放弃
replace,supplant,取代，替换
reprehend,decry,斥责，指责
reprimand,rebuke,训斥，谴责
reproduce,render,复制，再现
repudiation,abjuration,否认，拒斥
requiem,elegy,安魂曲，挽歌
requisite,ineluctable,必需的，必备条件
reservation,doubt,保留意见，犹豫
resolution,determination,决心，决议
resolve,determination,决心，决定
respected,venerable,受尊敬的
respite,antidote,暂歇，缓和
restive,recalcitrant,焦躁不安的，难驾驭的
restraint,moderation,克制，约束
result,consequence,结果
resurrect,revivify,复活，复兴
reticent,taciturn,沉默寡言的
retrograde,outmoded,倒退退化的
revealing,diagnostic,揭示性的，发人深省的
reversible,impermanent,可逆的
revision,modification,修订，修改
revivify,resurrect,使复活，使振奋
rigorous,faithful,严谨严密的
rise above,transcend,超越，不受影响
risky,"precarious, speculative",有风险的
robust,healthy,强健的，稳健的
romanticization,idealization,浪漫化
rudimentary,unsophisticated,基本的，初级的
rustic,bucolic,乡村田园的
saccharine,"cloying, sentimental",过分甜蜜的，矫情的
sacrosanct,inviolable,神圣不可侵犯的
sagacious,insightful,睿智聪颖的
salience,prominence,显著，重要性
salient,"evident, palpable",显著的，突出的
sap,undermine,逐渐削弱
scandalous,unseemly,令人震惊的，丑闻的
scant,little,不足的，缺乏的
scarce,inadequate,匮乏紧缺的
scarcely,hardly,几乎不
scarcity,want,缺乏，匮乏
scattered,diffuse,分散的
scolding,admonishment,斥责，责骂
scorn,"deride, disdain, disparage",蔑视，鄙视
scornful,dismissive,轻蔑的
scour,ransack,彻底搜寻
scrupulous,meticulous,严谨审慎的，恪守道德的
sectarian,partisan,宗派主义的，狭隘的
seed,germ,种子，萌芽
segment,partition,段落，分割
selective,discerning,有选择性的
self-interest,opportunism,自私自利
sensational,extravagant,轰动的，耸人听闻的
sensible,judicious,明智理智的
sensitive,discerning,敏感的
sentimental,saccharine,多愁善感的
separate,,分离，分开
sequester,warehouse,使隔离，隐退
serendipitous,fortuitous,偶然巧合的
serviceable,functional,耐用的，管用的
settled,assured,已确定的，安定的
shameless,blatant,不知羞耻的
shed,abandon,摆脱，脱落
shelve,discard,搁置，搁起
shirk,neglect,逃避，推卸
shortage,paucity,缺少，不足
shrill,strident,尖锐刺耳的
sidestep,avoid,回避，躲避
significant,"considerable, important, substantial",重大的，显著的
simple,ingenuous,简单的，天真的
simplicity,intelligibility,简单，朴实
simplistic,narrow,过分简单化的
sincerity,earnestness,真诚
singular,anomalous,单一的，非凡特异的
sizable,substantial,相当大的
skeptical,dubious,怀疑的
slam,vilify,猛批，猛击
slanted,tendentious,有倾向偏见的
slight,"marginal, modest, neglect",微小的，轻视
smart,clever,聪明的，敏捷的
social,gregarious,社交的，群居的
soft,malleable,柔软的，温和的
solid,substantial,稳固结实的
solidify,harden,巩固，凝固
solitary,reclusive,孤独的，独居的
somnolence,lethargy,瞌睡，嗜睡
somnolent,soporific,催眠的，昏睡的
soporific,somnolent,催眠的，令人昏昏欲睡的
sound,prudent,可靠合理的，健全的
soundness,"substantiality, validity",健全，可靠性
spare,laconic,简朴省减的，备用的
specious,"deceptive, fallacious, unfounded",似是而非的，虚假的
speculative,"conjectural, risky",推测性的，投机的
splendor,sumptuousness,壮丽，辉煌
sporadic,uncoordinated,偶发的，零星的
spread,propagate,传播，散布
spurn,rebuff,蔑视拒绝
stability,persistence,稳定性
stable,"abiding, static, steady",稳定的
staid,unadventurous,古板沉稳的
startling,surprising,令人吃惊的
stasis,inertia,停滞，静止
static,"immutable, invariant, stable, unvarying",静态不变的
stature,eminence,威望，声誉
steady,stable,稳定的
stem,derive,源自，遏制
stifle,throttle,扼杀，抑制
stilted,wooden,呆板生硬的
stinging,caustic,尖酸刺痛的
stinting,frugal,吝啬的，克扣的
straightforward,"linear, unproblematic",坦率的，易懂直接的
stratified,differentiated,分阶层的，分层的
strengthen,amplify,增强，巩固
strident,shrill,尖锐刺耳的
striking,"dramatic, pronounced",显著引人注目的
stringent,exacting,严格严厉的
strip,divest,剥夺，除去
stunning,astounding,令人震惊的，极好的
stymie,confound,阻碍，妨碍
subconscious,unacknowledged,潜意识的
subsidiary,ancillary,辅助的，次要的
substantial,"significant, sizable, solid",大量的，实质的
substantiality,soundness,实质性，稳固
subterfuge,chicanery,诡计，托词
subtle,nuanced,微妙细微的
subversion,violation,颠覆
subversive,iconoclastic,颠覆性的
sufficiency,efficacy,充足
suitable,appropriate,合适的
sumptuousness,splendor,奢华，华丽
sunder,disentangle,割裂，分开
superabundant,copious,极丰富的，过剩的
supercilious,contemptuous,傲慢目中无人的
superficial,perfunctory,肤浅表面的
superficially,perfunctorily,表面上地
superfluous,expendable,多余过剩的
supplant,"displace, replace, trump",取代，替代
supplement,augment,补充，增补
supplication,entreaty,哀求，祈求
supplier,purveyor,供应者
support,abet,支持
suppress,censor,镇压，抑制
surfeit,excess,过量，过剩
surpass,outstrip,胜过，超越
surprising,startling,令人惊讶的
surrender,cede,投降，放弃
survival,persistence,存活，幸存
susceptibility,vulnerability,易受影响性，脆弱性
susceptible,affected,易受影响的
sustain,"buoy, perpetuate",维持，支撑
swill,guzzle,狂饮，暴饮
sybaritic,hedonistic,贪图享乐的
sycophant,adulator,谄媚阿谀者
sympathetic,well-disposed,赞同支持的，同情的
synthesis,fusion,综合，合成
taciturn,reticent,沉默寡言的
tactless,impolitic,不圆通笨拙的
talent,genius,天赋，才能
tangent,digression,离题
tantamount,commensurate,等同于…的
tedious,tiresome,枯燥乏味的
temper,moderate,缓和，调节
temporary,transitory,暂时的
tenable,feasible,站得住脚的
tenacity,doggedness,坚韧执着
tendentious,"contentious, prejudicial, slanted",有偏见的，有倾向性的
tension,discord,紧张，张力
tenuous,"improbable, loose, uncertain",脆弱单薄的
testify,evince,证实，证明
theatrical,histrionic,戏剧化的，夸张的
theoretical,"abstract, conceptual",理论上的
thorough,exhaustive,彻底周密的
thrift,frugality,节俭
thrilled,elated,极其兴奋的
throttle,stifle,扼杀，压制
thwart,frustrate,阻挠，挫败
timorous,craven,胆怯怯懦的
tiresome,tedious,令人厌烦的
toothless,anodyne,无约束力的，无力的
topical,contemporary,当下的，话题性的
topicality,immediacy,时效性，时事性
toxic,poisonous,有毒的
tractable,complaisant,易驾驭温顺的
transcend,"go beyond, rise above",超越
transitional,mediating,过渡的
transitory,temporary,短暂的
transmit,propagate,传播，传送
transparent,"lucid, understandable",透明的，易懂的
trigger,cause,引发，触发
trite,overused,陈腐老套的
trivia,ephemera,琐事，细枝末节
trivial,"imperceptible, inessential, insignificant, minimal, unimportant",微不足道的
trivialization,deprecation,浅薄化，贬低
truculence,belligerence,好斗，凶猛
trump,supplant,胜过，击败
trusting,credulous,轻信的，信任的
turmoil,unrest,骚乱，混乱
ubiquitous,"pervasive, prevalent",无处不在的
ubiquity,"abundance, pervasiveness",普遍存在
unabated,undiminished,不减退的
unacknowledged,subconscious,未被承认的
unadulterated,unalloyed,纯粹不纯的
unadventurous,staid,保守不求冒险的
unalloyed,"pure, unadulterated",纯粹纯正的
unambiguous,explicit,毫不含糊清晰的
unattainable,"elusive, impossible",难以达到的
unavoidable,inevitable,不可避免的
uncertain,"contingent, precarious, tenuous, unforeseeable",不确定的
uncertainty,instability,不确定性
unconcern,apathy,漠不关心
unconstrained,free,不受约束的
unruly,intractable,难以管束的
unconventional,"quirky, unorthodox",打破常规非传统的
uncoordinated,sporadic,不协调杂乱的
undamaged,undiminished,未受损完好的
undergirded,dependent,受支持支撑的
undermine,"diminish, sap, upend",暗中破坏，削弱
underscore,highlight,强调
understandable,transparent,易理解的
undeveloped,embryonic,未开发的，初期的
undiminished,"unabated, undamaged",未衰减的
undistinguished,average,平庸不出彩的
undisturbed,pristine,未受打扰原样的
uneasy,apprehensive,不安焦躁的
unenviable,untenable,令人不悦难办的
unequal,inept,不平等的，不能胜任的
unexceptional,unobtrusive,普通平凡的
unexplored,downplay,未经探索的
unfavorable,conducive,不利不赞同的
unflagging,indefatigable,不知疲倦永不松懈的
unfocused,diffuse,不专一散漫的
unfolding,living,展现演变的
unforeseeable,uncertain,不可预见的
unfounded,specious,无根据的
ungracious,churlish,无礼傲慢的
unhelpful,useless,无益无助的
uniform,"exceptionless, homogeneous, homogenous",统一一致的
uniformity,homogeneity,一致性，同质
unimportant,trivial,不重要的
uninhabitable,untenable,不适宜居住的
unique,"characteristic, unprecedented",独一无二独特的
unknown,obscure,未知的，不出名的
unlikely,improbable,不太可能的
unobtrusive,unexceptional,不显眼的，低调的
unorthodox,"experimental, iconoclastic, unconventional",非正统异端的
unorthodoxy,iconoclasm,非正统，反传统
unprecedented,"obvious, unique",前所未有的
unpredictability,fickleness,不可预测性
unpredictable,"erratic, random",难以预测的
unproblematic,straightforward,顺畅无问题的
unrealistic,quixotic,不切实际的
unreceptive,inhospitable,不愿接受抗拒的
unremarkable,modest,平凡不起眼的
unremitting,continuous,坚持不懈不间断的
unreserved,wholehearted,毫无保留坦诚的
unrest,turmoil,动荡动乱
unscrupulous,dishonest,肆无忌惮不择手段的
unseemly,scandalous,不得体不体面的
unselfish,altruistic,无私大方的
unsophisticated,"naïve, rudimentary",天真纯朴简朴的
unstinting,"generous, profuse",慷慨无保留的
unsustainable,untenable,不可持续的
untenable,"flawed, indefensible, unenviable, uninhabitable, unsustainable",站不住脚的
untouched,pristine,未受破坏未触及的
unusual,anomalous,不寻常独特的
unvarying,static,始终如一不变的
unwarranted,dubious,无根据不合理的
unwelcome,annoying,不受欢迎的
unwise,misguided,不明智愚蠢的
upbeat,gratified,乐观向上的
upend,undermine,颠覆，倒置
uphold,vindicate,支持，赞同
usefulness,efficacy,有用性
useless,unhelpful,无用的
utilitarian,pragmatic,功利的，实用的
utilize,exploit,利用
vacillation,equivocation,犹豫不决，摇摆
valiant,intrepid,英勇勇敢的
validity,soundness,有效性，正确性
vapid,"bland, insipid",枯燥乏味的
variable,inconstant,易变的，多变的
variance,disparity,分歧，不一致
variety,diversity,多样性
vehicle,instrument,载体，手段
veiled,oblique,隐藏掩饰的
venal,crooked,贪污受贿的
venerable,respected,德高望重的
venerate,exalt,崇敬，尊崇
verify,corroborate,核实，证实
viable,promising,切实可行的
vile,base,可鄙卑劣的
vilify,"pillory, slam",诽谤，中伤
vindicate,uphold,澄清证明清白，证实
violation,subversion,违反，侵犯
virtuosity,mastery,精湛技艺
vital,indispensable,至关重要的
vitiate,nullify,损害，使失效
vitriol,obloquy,尖刻刻薄
vitriolic,acrimonious,尖酸刻薄的
volatility,capriciousness,易变性，波动性
voraciousness,insatiability,贪婪，求知若渴
vulnerability,susceptibility,脆弱性
wane,fade,衰落，减弱
want,"lack, scarcity",缺乏，匮乏
wanting,deficient,欠缺不足的
warehouse,sequester,储存，封存
weaken,dilute,削弱
weakness,inferiority,弱点，劣势
wearisome,onerous,使人疲倦厌烦的
well-disposed,sympathetic,有好感的，赞同的
wholehearted,unreserved,全心全意的
wide-ranging,"eclectic, extensive",广泛博大的
woo,court,争取，追求
wooden,stilted,呆板僵硬的
workaday,quotidian,平凡日常的
worsen,exacerbate,使恶化
wretchedness,abjection,悲惨，可怜
